BehaviorSpace results (NetLogo 4.1.1),,,,,,,,,Number of Trail Patrollers,Number of Foragers
16-loop_import_nest_midden_trail_inactive_interact_foragers_thod_plots.nlogo,,,,,,,,,0,0
experiment,,,,,,,,,0,0
03/04/2011 16:21:17:722 -0700,,,,,,,,,0,0
min-pxcor,max-pxcor,min-pycor,max-pycor,,,,,,0,0
-16,16,-16,16,,,,,,0,0
[run number],1,1,,,,,,,0,0
amount-midden,3,,,,,,,,0,0
thold,34,,,,,,,,0,0
population,1000,,,,,,,,0,0
[reporter],count trail-patrollers with [not hidden?],count foragers,,,,,,,0,0
[final],0,0,,,,,,,0,0
[min],0,0,,,,,,,0,0
[max],20,55,,,,,,,0,0
[mean],0.468761157,12.99178865,,,,,,,0,0
[steps],2800,2800,,,,,,,0,0
,,,,,,,,,0,0
[all run data],count trail-patrollers with [not hidden?],count foragers,,,,,,,0,0
,0,0,,,,,,,0,0
,0,0,,,,,,,0,0
,0,0,,,,,,,0,0
,0,0,,,,,,,0,0
,0,0,,,,,,,0,0
,0,0,,,,,,,0,0
,0,0,,,,,,,0,0
,0,0,,,,,,,0,0
,0,0,,,,,,,0,0
,0,0,,,,,,,0,0
,0,0,,,,,,,0,0
,0,0,,,,,,,0,0
,0,0,,,,,,,0,0
,0,0,,,,,,,0,0
,0,0,,,,,,,0,0
,0,0,,,,,,,0,0
,0,0,,,,,,,0,0
,0,0,,,,,,,0,0
,0,0,,,,,,,0,0
,0,0,,,,,,,0,0
,0,0,,,,,,,0,0
,0,0,,,,,,,0,0
,0,0,,,,,,,0,0
,0,0,,,,,,,0,0
,0,0,,,,,,,0,0
,0,0,,,,,,,0,0
,0,0,,,,,,,0,0
,0,0,,,,,,,0,0
,0,0,,,,,,,0,0
,0,0,,,,,,,0,0
,0,0,,,,,,,0,0
,0,0,,,,,,,0,0
,0,0,,,,,,,0,0
,0,0,,,,,,,0,0
,0,0,,,,,,,0,0
,0,0,,,,,,,0,0
,0,0,,,,,,,0,0
,0,0,,,,,,,0,0
,0,0,,,,,,,0,0
,0,0,,,,,,,0,0
,0,0,,,,,,,0,0
,0,0,,,,,,,0,0
,0,0,,,,,,,0,0
,0,0,,,,,,,0,0
,0,0,,,,,,,0,0
,0,0,,,,,,,0,0
,0,0,,,,,,,0,0
,0,0,,,,,,,0,0
,0,0,,,,,,,0,0
,0,0,,,,,,,0,0
,0,0,,,,,,,0,0
,0,0,,,,,,,0,0
,0,0,,,,,,,0,0
,0,0,,,,,,,0,0
,0,0,,,,,,,0,0
,0,0,,,,,,,0,0
,0,0,,,,,,,0,0
,0,0,,,,,,,0,0
,0,0,,,,,,,0,0
,0,0,,,,,,,0,0
,0,0,,,,,,,0,0
,0,0,,,,,,,0,0
,0,0,,,,,,,0,0
,0,0,,,,,,,0,0
,0,0,,,,,,,0,0
,0,0,,,,,,,0,0
,0,0,,,,,,,0,0
,0,0,,,,,,,0,0
,0,0,,,,,,,0,0
,0,0,,,,,,,0,0
,0,0,,,,,,,0,0
,0,0,,,,,,,0,0
,0,0,,,,,,,0,0
,0,0,,,,,,,0,0
,0,0,,,,,,,0,0
,0,0,,,,,,,0,0
,0,0,,,,,,,0,0
,0,0,,,,,,,0,0
,0,0,,,,,,,0,0
,0,0,,,,,,,0,0
,0,0,,,,,,,0,0
,0,0,,,,,,,0,0
,0,0,,,,,,,0,0
,0,0,,,,,,,0,0
,0,0,,,,,,,0,0
,0,0,,,,,,,0,0
,0,0,,,,,,,0,0
,0,0,,,,,,,0,0
,0,0,,,,,,,0,0
,0,0,,,,,,,0,0
,0,0,,,,,,,0,0
,0,0,,,,,,,0,0
,0,0,,,,,,,0,0
,0,0,,,,,,,0,0
,0,0,,,,,,,0,0
,0,0,,,,,,,0,0
,0,0,,,,,,,0,0
,0,0,,,,,,,0,0
,0,0,,,,,,,0,0
,0,0,,,,,,,0,0
,0,0,,,,,,,0,0
,0,0,,,,,,,0,0
,0,0,,,,,,,0,0
,0,0,,,,,,,0,0
,0,0,,,,,,,0,0
,0,0,,,,,,,0,0
,0,0,,,,,,,0,0
,0,0,,,,,,,0,0
,0,0,,,,,,,0,0
,0,0,,,,,,,0,0
,0,0,,,,,,,0,0
,0,0,,,,,,,0,0
,0,0,,,,,,,0,0
,0,0,,,,,,,0,0
,0,0,,,,,,,0,0
,0,0,,,,,,,0,0
,0,0,,,,,,,17,0
,0,0,,,,,,,20,0
,0,0,,,,,,,20,0
,0,0,,,,,,,20,0
,0,0,,,,,,,20,0
,0,0,,,,,,,20,0
,0,0,,,,,,,20,0
,0,0,,,,,,,20,0
,0,0,,,,,,,20,0
,0,0,,,,,,,20,0
,0,0,,,,,,,20,0
,0,0,,,,,,,20,0
,0,0,,,,,,,20,0
,0,0,,,,,,,20,0
,0,0,,,,,,,20,0
,0,0,,,,,,,20,0
,0,0,,,,,,,20,0
,17,0,,,,,,,20,0
,20,0,,,,,,,20,0
,20,0,,,,,,,20,0
,20,0,,,,,,,20,0
,20,0,,,,,,,20,0
,20,0,,,,,,,20,0
,20,0,,,,,,,20,0
,20,0,,,,,,,19,0
,20,0,,,,,,,19,0
,20,0,,,,,,,19,0
,20,0,,,,,,,19,0
,20,0,,,,,,,19,0
,20,0,,,,,,,18,0
,20,0,,,,,,,18,0
,20,0,,,,,,,18,0
,20,0,,,,,,,18,0
,20,0,,,,,,,18,0
,20,0,,,,,,,18,0
,20,0,,,,,,,18,0
,20,0,,,,,,,17,0
,20,0,,,,,,,17,0
,20,0,,,,,,,17,0
,20,0,,,,,,,17,0
,20,0,,,,,,,17,0
,19,0,,,,,,,15,0
,19,0,,,,,,,15,0
,19,0,,,,,,,15,0
,19,0,,,,,,,15,0
,19,0,,,,,,,15,1
,18,0,,,,,,,15,1
,18,0,,,,,,,15,2
,18,0,,,,,,,15,2
,18,0,,,,,,,15,2
,18,0,,,,,,,15,2
,18,0,,,,,,,15,3
,18,0,,,,,,,15,3
,17,0,,,,,,,14,3
,17,0,,,,,,,14,3
,17,0,,,,,,,14,3
,17,0,,,,,,,14,3
,17,0,,,,,,,14,6
,15,0,,,,,,,13,8
,15,0,,,,,,,13,9
,15,0,,,,,,,13,9
,15,0,,,,,,,13,9
,15,1,,,,,,,12,10
,15,1,,,,,,,12,11
,15,2,,,,,,,12,11
,15,2,,,,,,,12,12
,15,2,,,,,,,12,12
,15,2,,,,,,,12,12
,15,3,,,,,,,11,12
,15,3,,,,,,,10,12
,14,3,,,,,,,10,13
,14,3,,,,,,,10,14
,14,3,,,,,,,10,14
,14,3,,,,,,,10,16
,14,6,,,,,,,9,18
,13,8,,,,,,,9,18
,13,9,,,,,,,9,18
,13,9,,,,,,,7,18
,13,9,,,,,,,7,19
,12,10,,,,,,,6,21
,12,11,,,,,,,5,22
,12,11,,,,,,,5,22
,12,12,,,,,,,5,22
,12,12,,,,,,,5,23
,12,12,,,,,,,4,23
,11,12,,,,,,,3,24
,10,12,,,,,,,3,24
,10,13,,,,,,,3,25
,10,14,,,,,,,3,26
,10,14,,,,,,,3,26
,10,16,,,,,,,3,26
,9,18,,,,,,,2,27
,9,18,,,,,,,2,27
,9,18,,,,,,,1,28
,7,18,,,,,,,1,28
,7,19,,,,,,,0,29
,6,21,,,,,,,0,32
,5,22,,,,,,,0,32
,5,22,,,,,,,0,32
,5,22,,,,,,,0,32
,5,23,,,,,,,0,32
,4,23,,,,,,,0,32
,3,24,,,,,,,0,32
,3,24,,,,,,,0,33
,3,25,,,,,,,0,34
,3,26,,,,,,,0,35
,3,26,,,,,,,0,35
,3,26,,,,,,,0,35
,2,27,,,,,,,0,35
,2,27,,,,,,,0,35
,1,28,,,,,,,0,35
,1,28,,,,,,,0,35
,0,29,,,,,,,0,35
,0,32,,,,,,,0,35
,0,32,,,,,,,0,35
,0,32,,,,,,,0,35
,0,32,,,,,,,0,35
,0,32,,,,,,,0,35
,0,32,,,,,,,0,36
,0,32,,,,,,,0,36
,0,33,,,,,,,0,36
,0,34,,,,,,,0,36
,0,35,,,,,,,0,36
,0,35,,,,,,,0,37
,0,35,,,,,,,0,37
,0,35,,,,,,,0,38
,0,35,,,,,,,0,38
,0,35,,,,,,,0,38
,0,35,,,,,,,0,38
,0,35,,,,,,,0,38
,0,35,,,,,,,0,38
,0,35,,,,,,,0,39
,0,35,,,,,,,0,40
,0,35,,,,,,,0,40
,0,35,,,,,,,0,40
,0,36,,,,,,,0,40
,0,36,,,,,,,0,40
,0,36,,,,,,,0,40
,0,36,,,,,,,0,40
,0,36,,,,,,,0,40
,0,37,,,,,,,0,41
,0,37,,,,,,,0,41
,0,38,,,,,,,0,41
,0,38,,,,,,,0,41
,0,38,,,,,,,0,42
,0,38,,,,,,,0,42
,0,38,,,,,,,0,42
,0,38,,,,,,,0,43
,0,39,,,,,,,0,43
,0,40,,,,,,,0,43
,0,40,,,,,,,0,43
,0,40,,,,,,,0,44
,0,40,,,,,,,0,44
,0,40,,,,,,,0,44
,0,40,,,,,,,0,44
,0,40,,,,,,,0,44
,0,40,,,,,,,0,44
,0,41,,,,,,,0,44
,0,41,,,,,,,0,44
,0,41,,,,,,,0,44
,0,41,,,,,,,0,44
,0,42,,,,,,,0,44
,0,42,,,,,,,0,44
,0,42,,,,,,,0,44
,0,43,,,,,,,0,45
,0,43,,,,,,,0,45
,0,43,,,,,,,0,45
,0,43,,,,,,,0,45
,0,44,,,,,,,0,45
,0,44,,,,,,,0,46
,0,44,,,,,,,0,47
,0,44,,,,,,,0,47
,0,44,,,,,,,0,47
,0,44,,,,,,,0,47
,0,44,,,,,,,0,47
,0,44,,,,,,,0,47
,0,44,,,,,,,0,47
,0,44,,,,,,,0,47
,0,44,,,,,,,0,47
,0,44,,,,,,,0,47
,0,44,,,,,,,0,47
,0,45,,,,,,,0,47
,0,45,,,,,,,0,47
,0,45,,,,,,,0,47
,0,45,,,,,,,0,47
,0,45,,,,,,,0,47
,0,46,,,,,,,0,47
,0,47,,,,,,,0,47
,0,47,,,,,,,0,47
,0,47,,,,,,,0,47
,0,47,,,,,,,0,47
,0,47,,,,,,,0,47
,0,47,,,,,,,0,47
,0,47,,,,,,,0,47
,0,47,,,,,,,0,47
,0,47,,,,,,,0,47
,0,47,,,,,,,0,47
,0,47,,,,,,,0,47
,0,47,,,,,,,0,47
,0,47,,,,,,,0,47
,0,47,,,,,,,0,47
,0,47,,,,,,,0,47
,0,47,,,,,,,0,47
,0,47,,,,,,,0,47
,0,47,,,,,,,0,47
,0,47,,,,,,,0,47
,0,47,,,,,,,0,47
,0,47,,,,,,,0,47
,0,47,,,,,,,0,47
,0,47,,,,,,,0,47
,0,47,,,,,,,0,47
,0,47,,,,,,,0,47
,0,47,,,,,,,0,47
,0,47,,,,,,,0,47
,0,47,,,,,,,0,47
,0,47,,,,,,,0,47
,0,47,,,,,,,0,47
,0,47,,,,,,,0,47
,0,47,,,,,,,0,47
,0,47,,,,,,,0,47
,0,47,,,,,,,0,47
,0,47,,,,,,,0,47
,0,47,,,,,,,0,47
,0,47,,,,,,,0,47
,0,47,,,,,,,0,47
,0,47,,,,,,,0,47
,0,47,,,,,,,0,47
,0,47,,,,,,,0,47
,0,47,,,,,,,0,47
,0,47,,,,,,,0,47
,0,47,,,,,,,0,47
,0,47,,,,,,,0,47
,0,47,,,,,,,0,47
,0,47,,,,,,,0,47
,0,47,,,,,,,0,47
,0,47,,,,,,,0,47
,0,47,,,,,,,0,47
,0,47,,,,,,,0,47
,0,47,,,,,,,0,47
,0,47,,,,,,,0,47
,0,47,,,,,,,0,47
,0,47,,,,,,,0,47
,0,47,,,,,,,0,47
,0,47,,,,,,,0,47
,0,47,,,,,,,0,47
,0,47,,,,,,,0,47
,0,47,,,,,,,0,47
,0,47,,,,,,,0,47
,0,47,,,,,,,0,47
,0,47,,,,,,,0,47
,0,47,,,,,,,0,47
,0,47,,,,,,,0,47
,0,47,,,,,,,0,47
,0,47,,,,,,,0,47
,0,47,,,,,,,0,47
,0,47,,,,,,,0,47
,0,47,,,,,,,0,47
,0,47,,,,,,,0,47
,0,47,,,,,,,0,47
,0,47,,,,,,,0,47
,0,47,,,,,,,0,47
,0,47,,,,,,,0,47
,0,47,,,,,,,0,48
,0,47,,,,,,,0,48
,0,47,,,,,,,0,48
,0,47,,,,,,,0,48
,0,47,,,,,,,0,48
,0,47,,,,,,,0,48
,0,47,,,,,,,0,48
,0,47,,,,,,,0,48
,0,47,,,,,,,0,48
,0,47,,,,,,,0,49
,0,47,,,,,,,0,49
,0,47,,,,,,,0,50
,0,47,,,,,,,0,50
,0,47,,,,,,,0,50
,0,47,,,,,,,0,50
,0,47,,,,,,,0,50
,0,47,,,,,,,0,50
,0,48,,,,,,,0,50
,0,48,,,,,,,0,50
,0,48,,,,,,,0,50
,0,48,,,,,,,0,50
,0,48,,,,,,,0,50
,0,48,,,,,,,0,50
,0,48,,,,,,,0,50
,0,48,,,,,,,0,50
,0,48,,,,,,,0,50
,0,49,,,,,,,0,50
,0,49,,,,,,,0,50
,0,50,,,,,,,0,50
,0,50,,,,,,,0,51
,0,50,,,,,,,0,51
,0,50,,,,,,,0,51
,0,50,,,,,,,0,51
,0,50,,,,,,,0,51
,0,50,,,,,,,0,51
,0,50,,,,,,,0,51
,0,50,,,,,,,0,51
,0,50,,,,,,,0,51
,0,50,,,,,,,0,51
,0,50,,,,,,,0,51
,0,50,,,,,,,0,51
,0,50,,,,,,,0,51
,0,50,,,,,,,0,51
,0,50,,,,,,,0,51
,0,50,,,,,,,0,51
,0,50,,,,,,,0,51
,0,51,,,,,,,0,51
,0,51,,,,,,,0,51
,0,51,,,,,,,0,51
,0,51,,,,,,,0,51
,0,51,,,,,,,0,51
,0,51,,,,,,,0,51
,0,51,,,,,,,0,51
,0,51,,,,,,,0,51
,0,51,,,,,,,0,51
,0,51,,,,,,,0,51
,0,51,,,,,,,0,51
,0,51,,,,,,,0,51
,0,51,,,,,,,0,51
,0,51,,,,,,,0,51
,0,51,,,,,,,0,51
,0,51,,,,,,,0,51
,0,51,,,,,,,0,51
,0,51,,,,,,,0,52
,0,51,,,,,,,0,52
,0,51,,,,,,,0,52
,0,51,,,,,,,0,52
,0,51,,,,,,,0,52
,0,51,,,,,,,0,52
,0,51,,,,,,,0,52
,0,51,,,,,,,0,52
,0,51,,,,,,,0,52
,0,51,,,,,,,0,52
,0,51,,,,,,,0,52
,0,51,,,,,,,0,52
,0,51,,,,,,,0,52
,0,51,,,,,,,0,52
,0,51,,,,,,,0,52
,0,51,,,,,,,0,52
,0,51,,,,,,,0,52
,0,52,,,,,,,0,52
,0,52,,,,,,,0,52
,0,52,,,,,,,0,52
,0,52,,,,,,,0,52
,0,52,,,,,,,0,52
,0,52,,,,,,,0,52
,0,52,,,,,,,0,52
,0,52,,,,,,,0,52
,0,52,,,,,,,0,52
,0,52,,,,,,,0,52
,0,52,,,,,,,0,53
,0,52,,,,,,,0,53
,0,52,,,,,,,0,54
,0,52,,,,,,,0,54
,0,52,,,,,,,0,54
,0,52,,,,,,,0,55
,0,52,,,,,,,0,55
,0,52,,,,,,,0,55
,0,52,,,,,,,0,55
,0,52,,,,,,,0,55
,0,52,,,,,,,0,55
,0,52,,,,,,,0,53
,0,52,,,,,,,0,53
,0,52,,,,,,,0,53
,0,52,,,,,,,0,53
,0,52,,,,,,,0,53
,0,52,,,,,,,0,53
,0,53,,,,,,,0,53
,0,53,,,,,,,0,52
,0,54,,,,,,,0,52
,0,54,,,,,,,0,52
,0,54,,,,,,,0,52
,0,55,,,,,,,0,52
,0,55,,,,,,,0,52
,0,55,,,,,,,0,52
,0,55,,,,,,,0,51
,0,55,,,,,,,0,52
,0,55,,,,,,,0,51
,0,53,,,,,,,0,51
,0,53,,,,,,,0,51
,0,53,,,,,,,0,51
,0,53,,,,,,,0,51
,0,53,,,,,,,0,51
,0,53,,,,,,,0,51
,0,53,,,,,,,0,50
,0,52,,,,,,,0,50
,0,52,,,,,,,0,50
,0,52,,,,,,,0,50
,0,52,,,,,,,0,50
,0,52,,,,,,,0,50
,0,52,,,,,,,0,50
,0,52,,,,,,,0,51
,0,51,,,,,,,0,51
,0,52,,,,,,,0,50
,0,51,,,,,,,0,50
,0,51,,,,,,,0,50
,0,51,,,,,,,0,50
,0,51,,,,,,,0,50
,0,51,,,,,,,0,50
,0,51,,,,,,,0,49
,0,51,,,,,,,0,49
,0,50,,,,,,,0,49
,0,50,,,,,,,0,49
,0,50,,,,,,,0,49
,0,50,,,,,,,0,49
,0,50,,,,,,,0,49
,0,50,,,,,,,0,49
,0,50,,,,,,,0,49
,0,51,,,,,,,0,49
,0,51,,,,,,,0,49
,0,50,,,,,,,0,48
,0,50,,,,,,,0,48
,0,50,,,,,,,0,48
,0,50,,,,,,,0,48
,0,50,,,,,,,0,48
,0,50,,,,,,,0,49
,0,49,,,,,,,0,49
,0,49,,,,,,,0,49
,0,49,,,,,,,0,49
,0,49,,,,,,,0,48
,0,49,,,,,,,0,47
,0,49,,,,,,,0,46
,0,49,,,,,,,0,46
,0,49,,,,,,,0,46
,0,49,,,,,,,0,46
,0,49,,,,,,,0,45
,0,49,,,,,,,0,45
,0,48,,,,,,,0,45
,0,48,,,,,,,0,45
,0,48,,,,,,,0,45
,0,48,,,,,,,0,45
,0,48,,,,,,,0,45
,0,49,,,,,,,0,45
,0,49,,,,,,,0,44
,0,49,,,,,,,0,44
,0,49,,,,,,,0,44
,0,48,,,,,,,0,43
,0,47,,,,,,,0,43
,0,46,,,,,,,0,42
,0,46,,,,,,,0,42
,0,46,,,,,,,0,42
,0,46,,,,,,,0,42
,0,45,,,,,,,0,42
,0,45,,,,,,,0,41
,0,45,,,,,,,0,41
,0,45,,,,,,,0,41
,0,45,,,,,,,0,42
,0,45,,,,,,,0,41
,0,45,,,,,,,0,41
,0,45,,,,,,,0,41
,0,44,,,,,,,0,41
,0,44,,,,,,,0,41
,0,44,,,,,,,0,41
,0,43,,,,,,,0,42
,0,43,,,,,,,0,42
,0,42,,,,,,,0,41
,0,42,,,,,,,0,40
,0,42,,,,,,,0,39
,0,42,,,,,,,0,39
,0,42,,,,,,,0,39
,0,41,,,,,,,0,39
,0,41,,,,,,,0,39
,0,41,,,,,,,0,39
,0,42,,,,,,,0,39
,0,41,,,,,,,0,39
,0,41,,,,,,,0,39
,0,41,,,,,,,0,39
,0,41,,,,,,,0,38
,0,41,,,,,,,0,38
,0,41,,,,,,,0,38
,0,42,,,,,,,0,38
,0,42,,,,,,,0,37
,0,41,,,,,,,0,37
,0,40,,,,,,,0,37
,0,39,,,,,,,0,37
,0,39,,,,,,,0,37
,0,39,,,,,,,0,37
,0,39,,,,,,,0,37
,0,39,,,,,,,0,37
,0,39,,,,,,,0,37
,0,39,,,,,,,0,37
,0,39,,,,,,,0,36
,0,39,,,,,,,0,36
,0,39,,,,,,,0,35
,0,38,,,,,,,0,35
,0,38,,,,,,,0,34
,0,38,,,,,,,0,33
,0,38,,,,,,,0,33
,0,37,,,,,,,0,33
,0,37,,,,,,,0,33
,0,37,,,,,,,0,33
,0,37,,,,,,,0,33
,0,37,,,,,,,0,33
,0,37,,,,,,,0,32
,0,37,,,,,,,0,31
,0,37,,,,,,,0,31
,0,37,,,,,,,0,31
,0,37,,,,,,,0,31
,0,36,,,,,,,0,31
,0,36,,,,,,,0,29
,0,35,,,,,,,0,28
,0,35,,,,,,,0,28
,0,34,,,,,,,0,27
,0,33,,,,,,,0,27
,0,33,,,,,,,0,26
,0,33,,,,,,,0,26
,0,33,,,,,,,0,26
,0,33,,,,,,,0,25
,0,33,,,,,,,0,25
,0,33,,,,,,,0,25
,0,32,,,,,,,0,25
,0,31,,,,,,,0,25
,0,31,,,,,,,0,24
,0,31,,,,,,,0,24
,0,31,,,,,,,0,23
,0,31,,,,,,,0,23
,0,29,,,,,,,0,23
,0,28,,,,,,,0,23
,0,28,,,,,,,0,23
,0,27,,,,,,,0,23
,0,27,,,,,,,0,23
,0,26,,,,,,,0,22
,0,26,,,,,,,0,22
,0,26,,,,,,,0,22
,0,25,,,,,,,0,22
,0,25,,,,,,,0,22
,0,25,,,,,,,0,22
,0,25,,,,,,,0,22
,0,25,,,,,,,0,22
,0,24,,,,,,,0,22
,0,24,,,,,,,0,22
,0,23,,,,,,,0,22
,0,23,,,,,,,0,22
,0,23,,,,,,,0,22
,0,23,,,,,,,0,21
,0,23,,,,,,,0,21
,0,23,,,,,,,0,21
,0,23,,,,,,,0,22
,0,22,,,,,,,0,22
,0,22,,,,,,,0,22
,0,22,,,,,,,0,22
,0,22,,,,,,,0,21
,0,22,,,,,,,0,21
,0,22,,,,,,,0,21
,0,22,,,,,,,0,21
,0,22,,,,,,,0,21
,0,22,,,,,,,0,21
,0,22,,,,,,,0,21
,0,22,,,,,,,0,21
,0,22,,,,,,,0,20
,0,22,,,,,,,0,20
,0,21,,,,,,,0,20
,0,21,,,,,,,0,20
,0,21,,,,,,,0,20
,0,22,,,,,,,0,20
,0,22,,,,,,,0,20
,0,22,,,,,,,0,20
,0,22,,,,,,,0,20
,0,21,,,,,,,0,20
,0,21,,,,,,,0,20
,0,21,,,,,,,0,20
,0,21,,,,,,,0,20
,0,21,,,,,,,0,20
,0,21,,,,,,,0,20
,0,21,,,,,,,0,20
,0,21,,,,,,,0,20
,0,20,,,,,,,0,20
,0,20,,,,,,,0,19
,0,20,,,,,,,0,19
,0,20,,,,,,,0,19
,0,20,,,,,,,0,19
,0,20,,,,,,,0,18
,0,20,,,,,,,0,18
,0,20,,,,,,,0,18
,0,20,,,,,,,0,18
,0,20,,,,,,,0,18
,0,20,,,,,,,0,18
,0,20,,,,,,,0,18
,0,20,,,,,,,0,18
,0,20,,,,,,,0,18
,0,20,,,,,,,0,18
,0,20,,,,,,,0,18
,0,20,,,,,,,0,18
,0,20,,,,,,,0,18
,0,19,,,,,,,0,18
,0,19,,,,,,,0,18
,0,19,,,,,,,0,17
,0,19,,,,,,,0,18
,0,18,,,,,,,0,18
,0,18,,,,,,,0,18
,0,18,,,,,,,0,18
,0,18,,,,,,,0,18
,0,18,,,,,,,0,18
,0,18,,,,,,,0,18
,0,18,,,,,,,0,18
,0,18,,,,,,,0,18
,0,18,,,,,,,0,18
,0,18,,,,,,,0,17
,0,18,,,,,,,0,17
,0,18,,,,,,,0,17
,0,18,,,,,,,0,18
,0,18,,,,,,,0,18
,0,18,,,,,,,0,18
,0,17,,,,,,,0,18
,0,18,,,,,,,0,18
,0,18,,,,,,,0,18
,0,18,,,,,,,0,18
,0,18,,,,,,,0,18
,0,18,,,,,,,0,18
,0,18,,,,,,,0,18
,0,18,,,,,,,0,18
,0,18,,,,,,,0,18
,0,18,,,,,,,0,18
,0,18,,,,,,,0,18
,0,17,,,,,,,0,18
,0,17,,,,,,,0,18
,0,17,,,,,,,0,18
,0,18,,,,,,,0,18
,0,18,,,,,,,0,18
,0,18,,,,,,,0,18
,0,18,,,,,,,0,18
,0,18,,,,,,,0,18
,0,18,,,,,,,0,18
,0,18,,,,,,,0,18
,0,18,,,,,,,0,18
,0,18,,,,,,,0,18
,0,18,,,,,,,0,18
,0,18,,,,,,,0,18
,0,18,,,,,,,0,18
,0,18,,,,,,,0,18
,0,18,,,,,,,0,18
,0,18,,,,,,,0,18
,0,18,,,,,,,0,18
,0,18,,,,,,,0,18
,0,18,,,,,,,0,18
,0,18,,,,,,,0,18
,0,18,,,,,,,0,18
,0,18,,,,,,,0,17
,0,18,,,,,,,0,17
,0,18,,,,,,,0,17
,0,18,,,,,,,0,17
,0,18,,,,,,,0,17
,0,18,,,,,,,0,17
,0,18,,,,,,,0,17
,0,18,,,,,,,0,17
,0,18,,,,,,,0,17
,0,18,,,,,,,0,17
,0,18,,,,,,,0,17
,0,18,,,,,,,0,17
,0,18,,,,,,,0,17
,0,18,,,,,,,0,17
,0,18,,,,,,,0,17
,0,18,,,,,,,0,17
,0,18,,,,,,,0,17
,0,17,,,,,,,0,18
,0,17,,,,,,,0,18
,0,17,,,,,,,0,18
,0,17,,,,,,,0,18
,0,17,,,,,,,0,18
,0,17,,,,,,,0,18
,0,17,,,,,,,0,18
,0,17,,,,,,,0,18
,0,17,,,,,,,0,18
,0,17,,,,,,,0,18
,0,17,,,,,,,0,18
,0,17,,,,,,,0,18
,0,17,,,,,,,0,18
,0,17,,,,,,,0,18
,0,17,,,,,,,0,18
,0,17,,,,,,,0,18
,0,17,,,,,,,0,18
,0,18,,,,,,,0,18
,0,18,,,,,,,0,17
,0,18,,,,,,,0,17
,0,18,,,,,,,0,17
,0,18,,,,,,,0,17
,0,18,,,,,,,0,17
,0,18,,,,,,,0,17
,0,18,,,,,,,0,17
,0,18,,,,,,,0,17
,0,18,,,,,,,0,17
,0,18,,,,,,,0,17
,0,18,,,,,,,0,17
,0,18,,,,,,,0,17
,0,18,,,,,,,0,17
,0,18,,,,,,,0,19
,0,18,,,,,,,0,19
,0,18,,,,,,,0,19
,0,18,,,,,,,0,19
,0,17,,,,,,,0,19
,0,17,,,,,,,0,19
,0,17,,,,,,,0,19
,0,17,,,,,,,0,20
,0,17,,,,,,,0,20
,0,17,,,,,,,0,20
,0,17,,,,,,,0,18
,0,17,,,,,,,0,18
,0,17,,,,,,,0,18
,0,17,,,,,,,0,18
,0,17,,,,,,,0,18
,0,17,,,,,,,0,18
,0,17,,,,,,,0,18
,0,19,,,,,,,0,18
,0,19,,,,,,,0,18
,0,19,,,,,,,0,18
,0,19,,,,,,,0,18
,0,19,,,,,,,0,18
,0,19,,,,,,,0,18
,0,19,,,,,,,0,18
,0,20,,,,,,,0,18
,0,20,,,,,,,0,18
,0,20,,,,,,,0,18
,0,18,,,,,,,0,18
,0,18,,,,,,,0,18
,0,18,,,,,,,0,18
,0,18,,,,,,,0,18
,0,18,,,,,,,0,18
,0,18,,,,,,,0,18
,0,18,,,,,,,0,18
,0,18,,,,,,,0,18
,0,18,,,,,,,0,18
,0,18,,,,,,,0,18
,0,18,,,,,,,0,18
,0,18,,,,,,,0,18
,0,18,,,,,,,0,18
,0,18,,,,,,,0,18
,0,18,,,,,,,0,18
,0,18,,,,,,,0,18
,0,18,,,,,,,0,18
,0,18,,,,,,,0,18
,0,18,,,,,,,0,18
,0,18,,,,,,,0,18
,0,18,,,,,,,0,18
,0,18,,,,,,,0,18
,0,18,,,,,,,0,18
,0,18,,,,,,,0,18
,0,18,,,,,,,0,18
,0,18,,,,,,,0,17
,0,18,,,,,,,0,17
,0,18,,,,,,,0,17
,0,18,,,,,,,0,17
,0,18,,,,,,,0,17
,0,18,,,,,,,0,17
,0,18,,,,,,,0,17
,0,18,,,,,,,0,17
,0,18,,,,,,,0,17
,0,18,,,,,,,0,17
,0,18,,,,,,,0,17
,0,18,,,,,,,0,17
,0,18,,,,,,,0,17
,0,18,,,,,,,0,17
,0,18,,,,,,,0,16
,0,18,,,,,,,0,16
,0,18,,,,,,,0,16
,0,17,,,,,,,0,16
,0,17,,,,,,,0,16
,0,17,,,,,,,0,16
,0,17,,,,,,,0,16
,0,17,,,,,,,0,16
,0,17,,,,,,,0,16
,0,17,,,,,,,0,16
,0,17,,,,,,,0,15
,0,17,,,,,,,0,14
,0,17,,,,,,,0,14
,0,17,,,,,,,0,14
,0,17,,,,,,,0,14
,0,17,,,,,,,0,14
,0,17,,,,,,,0,14
,0,16,,,,,,,0,14
,0,16,,,,,,,0,14
,0,16,,,,,,,0,14
,0,16,,,,,,,0,14
,0,16,,,,,,,0,14
,0,16,,,,,,,0,14
,0,16,,,,,,,0,14
,0,16,,,,,,,0,14
,0,16,,,,,,,0,14
,0,16,,,,,,,0,14
,0,15,,,,,,,0,14
,0,14,,,,,,,0,14
,0,14,,,,,,,0,14
,0,14,,,,,,,0,14
,0,14,,,,,,,0,14
,0,14,,,,,,,0,14
,0,14,,,,,,,0,14
,0,14,,,,,,,0,14
,0,14,,,,,,,0,14
,0,14,,,,,,,0,14
,0,14,,,,,,,0,14
,0,14,,,,,,,0,14
,0,14,,,,,,,0,14
,0,14,,,,,,,0,14
,0,14,,,,,,,0,14
,0,14,,,,,,,0,14
,0,14,,,,,,,0,14
,0,14,,,,,,,0,14
,0,14,,,,,,,0,14
,0,14,,,,,,,0,14
,0,14,,,,,,,0,13
,0,14,,,,,,,0,12
,0,14,,,,,,,0,12
,0,14,,,,,,,0,12
,0,14,,,,,,,0,12
,0,14,,,,,,,0,12
,0,14,,,,,,,0,12
,0,14,,,,,,,0,12
,0,14,,,,,,,0,12
,0,14,,,,,,,0,12
,0,14,,,,,,,0,12
,0,14,,,,,,,0,12
,0,14,,,,,,,0,12
,0,14,,,,,,,0,11
,0,14,,,,,,,0,11
,0,14,,,,,,,0,11
,0,14,,,,,,,0,11
,0,13,,,,,,,0,11
,0,12,,,,,,,0,11
,0,12,,,,,,,0,12
,0,12,,,,,,,0,12
,0,12,,,,,,,0,12
,0,12,,,,,,,0,12
,0,12,,,,,,,0,12
,0,12,,,,,,,0,12
,0,12,,,,,,,0,12
,0,12,,,,,,,0,12
,0,12,,,,,,,0,12
,0,12,,,,,,,0,12
,0,12,,,,,,,0,12
,0,11,,,,,,,0,12
,0,11,,,,,,,0,12
,0,11,,,,,,,0,12
,0,11,,,,,,,0,12
,0,11,,,,,,,0,11
,0,11,,,,,,,0,11
,0,12,,,,,,,0,11
,0,12,,,,,,,0,11
,0,12,,,,,,,0,11
,0,12,,,,,,,0,11
,0,12,,,,,,,0,11
,0,12,,,,,,,0,11
,0,12,,,,,,,0,11
,0,12,,,,,,,0,11
,0,12,,,,,,,0,11
,0,12,,,,,,,0,11
,0,12,,,,,,,0,11
,0,12,,,,,,,0,11
,0,12,,,,,,,0,11
,0,12,,,,,,,0,11
,0,12,,,,,,,0,11
,0,11,,,,,,,0,11
,0,11,,,,,,,0,11
,0,11,,,,,,,0,11
,0,11,,,,,,,0,11
,0,11,,,,,,,0,11
,0,11,,,,,,,0,11
,0,11,,,,,,,0,11
,0,11,,,,,,,0,11
,0,11,,,,,,,0,11
,0,11,,,,,,,0,11
,0,11,,,,,,,0,11
,0,11,,,,,,,0,11
,0,11,,,,,,,0,11
,0,11,,,,,,,0,11
,0,11,,,,,,,0,11
,0,11,,,,,,,0,11
,0,11,,,,,,,0,11
,0,11,,,,,,,0,11
,0,11,,,,,,,0,11
,0,11,,,,,,,0,11
,0,11,,,,,,,0,11
,0,11,,,,,,,0,10
,0,11,,,,,,,0,10
,0,11,,,,,,,0,10
,0,11,,,,,,,0,10
,0,11,,,,,,,0,10
,0,11,,,,,,,0,10
,0,11,,,,,,,0,10
,0,11,,,,,,,0,10
,0,11,,,,,,,0,10
,0,11,,,,,,,0,10
,0,11,,,,,,,0,10
,0,11,,,,,,,0,10
,0,11,,,,,,,0,10
,0,11,,,,,,,0,10
,0,11,,,,,,,0,10
,0,11,,,,,,,0,10
,0,11,,,,,,,0,10
,0,10,,,,,,,0,10
,0,10,,,,,,,0,10
,0,10,,,,,,,0,10
,0,10,,,,,,,0,10
,0,10,,,,,,,0,11
,0,10,,,,,,,0,10
,0,10,,,,,,,0,11
,0,10,,,,,,,0,11
,0,10,,,,,,,0,11
,0,10,,,,,,,0,11
,0,10,,,,,,,0,11
,0,10,,,,,,,0,11
,0,10,,,,,,,0,11
,0,10,,,,,,,0,12
,0,10,,,,,,,0,12
,0,10,,,,,,,0,12
,0,10,,,,,,,0,12
,0,10,,,,,,,0,12
,0,10,,,,,,,0,12
,0,10,,,,,,,0,12
,0,10,,,,,,,0,12
,0,11,,,,,,,0,12
,0,10,,,,,,,0,11
,0,11,,,,,,,0,11
,0,11,,,,,,,0,11
,0,11,,,,,,,0,11
,0,11,,,,,,,0,11
,0,11,,,,,,,0,11
,0,11,,,,,,,0,11
,0,11,,,,,,,0,11
,0,12,,,,,,,0,11
,0,12,,,,,,,0,11
,0,12,,,,,,,0,11
,0,12,,,,,,,0,11
,0,12,,,,,,,0,11
,0,12,,,,,,,0,11
,0,12,,,,,,,0,11
,0,12,,,,,,,0,11
,0,12,,,,,,,0,11
,0,11,,,,,,,0,11
,0,11,,,,,,,0,11
,0,11,,,,,,,0,11
,0,11,,,,,,,0,11
,0,11,,,,,,,0,11
,0,11,,,,,,,0,11
,0,11,,,,,,,0,11
,0,11,,,,,,,0,11
,0,11,,,,,,,0,11
,0,11,,,,,,,0,11
,0,11,,,,,,,0,10
,0,11,,,,,,,0,10
,0,11,,,,,,,0,10
,0,11,,,,,,,0,10
,0,11,,,,,,,0,10
,0,11,,,,,,,0,10
,0,11,,,,,,,0,10
,0,11,,,,,,,0,10
,0,11,,,,,,,0,10
,0,11,,,,,,,0,10
,0,11,,,,,,,0,10
,0,11,,,,,,,0,10
,0,11,,,,,,,0,10
,0,11,,,,,,,0,10
,0,11,,,,,,,0,10
,0,11,,,,,,,0,10
,0,11,,,,,,,0,10
,0,10,,,,,,,0,10
,0,10,,,,,,,0,10
,0,10,,,,,,,0,10
,0,10,,,,,,,0,10
,0,10,,,,,,,0,10
,0,10,,,,,,,0,10
,0,10,,,,,,,0,11
,0,10,,,,,,,0,11
,0,10,,,,,,,0,10
,0,10,,,,,,,0,10
,0,10,,,,,,,0,10
,0,10,,,,,,,0,10
,0,10,,,,,,,0,10
,0,10,,,,,,,0,10
,0,10,,,,,,,0,10
,0,10,,,,,,,0,10
,0,10,,,,,,,0,10
,0,10,,,,,,,0,10
,0,10,,,,,,,0,10
,0,10,,,,,,,0,10
,0,10,,,,,,,0,10
,0,10,,,,,,,0,10
,0,10,,,,,,,0,10
,0,11,,,,,,,0,10
,0,11,,,,,,,0,10
,0,10,,,,,,,0,10
,0,10,,,,,,,0,10
,0,10,,,,,,,0,10
,0,10,,,,,,,0,10
,0,10,,,,,,,0,10
,0,10,,,,,,,0,10
,0,10,,,,,,,0,10
,0,10,,,,,,,0,10
,0,10,,,,,,,0,10
,0,10,,,,,,,0,10
,0,10,,,,,,,0,10
,0,10,,,,,,,0,10
,0,10,,,,,,,0,9
,0,10,,,,,,,0,9
,0,10,,,,,,,0,9
,0,10,,,,,,,0,9
,0,10,,,,,,,0,9
,0,10,,,,,,,0,9
,0,10,,,,,,,0,9
,0,10,,,,,,,0,9
,0,10,,,,,,,0,9
,0,10,,,,,,,0,9
,0,10,,,,,,,0,9
,0,10,,,,,,,0,9
,0,10,,,,,,,0,9
,0,10,,,,,,,0,9
,0,10,,,,,,,0,9
,0,10,,,,,,,0,9
,0,10,,,,,,,0,9
,0,9,,,,,,,0,9
,0,9,,,,,,,0,9
,0,9,,,,,,,0,9
,0,9,,,,,,,0,9
,0,9,,,,,,,0,9
,0,9,,,,,,,0,9
,0,9,,,,,,,0,9
,0,9,,,,,,,0,9
,0,9,,,,,,,0,9
,0,9,,,,,,,0,10
,0,9,,,,,,,0,10
,0,9,,,,,,,0,10
,0,9,,,,,,,0,10
,0,9,,,,,,,0,10
,0,9,,,,,,,0,10
,0,9,,,,,,,0,10
,0,9,,,,,,,0,10
,0,9,,,,,,,0,10
,0,9,,,,,,,0,10
,0,9,,,,,,,0,10
,0,9,,,,,,,0,10
,0,9,,,,,,,0,10
,0,9,,,,,,,0,10
,0,9,,,,,,,0,10
,0,9,,,,,,,0,10
,0,9,,,,,,,0,10
,0,10,,,,,,,0,10
,0,10,,,,,,,0,10
,0,10,,,,,,,0,10
,0,10,,,,,,,0,10
,0,10,,,,,,,0,10
,0,10,,,,,,,0,10
,0,10,,,,,,,0,10
,0,10,,,,,,,0,10
,0,10,,,,,,,0,10
,0,10,,,,,,,0,10
,0,10,,,,,,,0,10
,0,10,,,,,,,0,10
,0,10,,,,,,,0,10
,0,10,,,,,,,0,10
,0,10,,,,,,,0,10
,0,10,,,,,,,0,10
,0,10,,,,,,,0,10
,0,10,,,,,,,0,10
,0,10,,,,,,,0,10
,0,10,,,,,,,0,10
,0,10,,,,,,,0,10
,0,10,,,,,,,0,10
,0,10,,,,,,,0,10
,0,10,,,,,,,0,10
,0,10,,,,,,,0,10
,0,10,,,,,,,0,9
,0,10,,,,,,,0,9
,0,10,,,,,,,0,9
,0,10,,,,,,,0,9
,0,10,,,,,,,0,9
,0,10,,,,,,,0,9
,0,10,,,,,,,0,9
,0,10,,,,,,,0,9
,0,10,,,,,,,0,9
,0,10,,,,,,,0,9
,0,10,,,,,,,0,8
,0,10,,,,,,,0,8
,0,10,,,,,,,0,9
,0,10,,,,,,,0,9
,0,10,,,,,,,0,9
,0,10,,,,,,,0,9
,0,10,,,,,,,0,9
,0,9,,,,,,,0,8
,0,9,,,,,,,0,8
,0,9,,,,,,,0,8
,0,9,,,,,,,0,8
,0,9,,,,,,,0,8
,0,9,,,,,,,0,8
,0,9,,,,,,,0,8
,0,9,,,,,,,0,8
,0,9,,,,,,,0,8
,0,9,,,,,,,0,8
,0,8,,,,,,,0,8
,0,8,,,,,,,0,8
,0,9,,,,,,,0,8
,0,9,,,,,,,0,8
,0,9,,,,,,,0,8
,0,9,,,,,,,0,8
,0,9,,,,,,,0,8
,0,8,,,,,,,0,8
,0,8,,,,,,,0,8
,0,8,,,,,,,0,8
,0,8,,,,,,,0,8
,0,8,,,,,,,0,8
,0,8,,,,,,,0,8
,0,8,,,,,,,0,8
,0,8,,,,,,,0,8
,0,8,,,,,,,0,8
,0,8,,,,,,,0,8
,0,8,,,,,,,0,8
,0,8,,,,,,,0,8
,0,8,,,,,,,0,8
,0,8,,,,,,,0,8
,0,8,,,,,,,0,8
,0,8,,,,,,,0,8
,0,8,,,,,,,0,8
,0,8,,,,,,,0,9
,0,8,,,,,,,0,9
,0,8,,,,,,,0,9
,0,8,,,,,,,0,9
,0,8,,,,,,,0,9
,0,8,,,,,,,0,9
,0,8,,,,,,,0,10
,0,8,,,,,,,0,10
,0,8,,,,,,,0,10
,0,8,,,,,,,0,11
,0,8,,,,,,,0,11
,0,8,,,,,,,0,11
,0,8,,,,,,,0,11
,0,8,,,,,,,0,11
,0,8,,,,,,,0,11
,0,8,,,,,,,0,11
,0,8,,,,,,,0,12
,0,9,,,,,,,0,12
,0,9,,,,,,,0,12
,0,9,,,,,,,0,12
,0,9,,,,,,,0,12
,0,9,,,,,,,0,12
,0,9,,,,,,,0,12
,0,10,,,,,,,0,12
,0,10,,,,,,,0,12
,0,10,,,,,,,0,12
,0,11,,,,,,,0,12
,0,11,,,,,,,0,11
,0,11,,,,,,,0,10
,0,11,,,,,,,0,10
,0,11,,,,,,,0,10
,0,11,,,,,,,0,10
,0,11,,,,,,,0,10
,0,12,,,,,,,0,10
,0,12,,,,,,,0,10
,0,12,,,,,,,0,10
,0,12,,,,,,,0,10
,0,12,,,,,,,0,10
,0,12,,,,,,,0,10
,0,12,,,,,,,0,10
,0,12,,,,,,,0,10
,0,12,,,,,,,0,10
,0,12,,,,,,,0,10
,0,12,,,,,,,0,10
,0,11,,,,,,,0,10
,0,10,,,,,,,0,10
,0,10,,,,,,,0,10
,0,10,,,,,,,0,10
,0,10,,,,,,,0,10
,0,10,,,,,,,0,10
,0,10,,,,,,,0,10
,0,10,,,,,,,0,10
,0,10,,,,,,,0,10
,0,10,,,,,,,0,10
,0,10,,,,,,,0,10
,0,10,,,,,,,0,10
,0,10,,,,,,,0,10
,0,10,,,,,,,0,10
,0,10,,,,,,,0,10
,0,10,,,,,,,0,10
,0,10,,,,,,,0,10
,0,10,,,,,,,0,10
,0,10,,,,,,,0,11
,0,10,,,,,,,0,11
,0,10,,,,,,,0,11
,0,10,,,,,,,0,11
,0,10,,,,,,,0,11
,0,10,,,,,,,0,11
,0,10,,,,,,,0,11
,0,10,,,,,,,0,11
,0,10,,,,,,,0,11
,0,10,,,,,,,0,11
,0,10,,,,,,,0,11
,0,10,,,,,,,0,11
,0,10,,,,,,,0,11
,0,10,,,,,,,0,11
,0,10,,,,,,,0,11
,0,10,,,,,,,0,11
,0,10,,,,,,,0,11
,0,11,,,,,,,0,11
,0,11,,,,,,,0,11
,0,11,,,,,,,0,11
,0,11,,,,,,,0,11
,0,11,,,,,,,0,11
,0,11,,,,,,,0,11
,0,11,,,,,,,0,11
,0,11,,,,,,,0,11
,0,11,,,,,,,0,11
,0,11,,,,,,,0,11
,0,11,,,,,,,0,11
,0,11,,,,,,,0,11
,0,11,,,,,,,0,12
,0,11,,,,,,,0,12
,0,11,,,,,,,0,12
,0,11,,,,,,,0,12
,0,11,,,,,,,0,12
,0,11,,,,,,,0,12
,0,11,,,,,,,0,12
,0,11,,,,,,,0,12
,0,11,,,,,,,0,12
,0,11,,,,,,,0,12
,0,11,,,,,,,0,12
,0,11,,,,,,,0,12
,0,11,,,,,,,0,12
,0,11,,,,,,,0,12
,0,11,,,,,,,0,12
,0,11,,,,,,,0,12
,0,11,,,,,,,0,12
,0,12,,,,,,,0,12
,0,12,,,,,,,0,12
,0,12,,,,,,,0,12
,0,12,,,,,,,0,12
,0,12,,,,,,,0,12
,0,12,,,,,,,0,12
,0,12,,,,,,,0,12
,0,12,,,,,,,0,13
,0,12,,,,,,,0,13
,0,12,,,,,,,0,13
,0,12,,,,,,,0,13
,0,12,,,,,,,0,13
,0,12,,,,,,,0,13
,0,12,,,,,,,0,13
,0,12,,,,,,,0,13
,0,12,,,,,,,0,13
,0,12,,,,,,,0,13
,0,12,,,,,,,0,13
,0,12,,,,,,,0,13
,0,12,,,,,,,0,13
,0,12,,,,,,,0,13
,0,12,,,,,,,0,13
,0,12,,,,,,,0,13
,0,12,,,,,,,0,13
,0,13,,,,,,,0,13
,0,13,,,,,,,0,13
,0,13,,,,,,,0,13
,0,13,,,,,,,0,13
,0,13,,,,,,,0,13
,0,13,,,,,,,0,13
,0,13,,,,,,,0,13
,0,13,,,,,,,0,13
,0,13,,,,,,,0,13
,0,13,,,,,,,0,13
,0,13,,,,,,,0,13
,0,13,,,,,,,0,13
,0,13,,,,,,,0,13
,0,13,,,,,,,0,13
,0,13,,,,,,,0,14
,0,13,,,,,,,0,14
,0,13,,,,,,,0,14
,0,13,,,,,,,0,14
,0,13,,,,,,,0,13
,0,13,,,,,,,0,13
,0,13,,,,,,,0,13
,0,13,,,,,,,0,14
,0,13,,,,,,,0,14
,0,13,,,,,,,0,14
,0,13,,,,,,,0,14
,0,13,,,,,,,0,14
,0,13,,,,,,,0,14
,0,13,,,,,,,0,14
,0,13,,,,,,,0,14
,0,13,,,,,,,0,14
,0,13,,,,,,,0,14
,0,14,,,,,,,0,14
,0,14,,,,,,,0,14
,0,14,,,,,,,0,13
,0,14,,,,,,,0,13
,0,13,,,,,,,0,13
,0,13,,,,,,,0,13
,0,13,,,,,,,0,13
,0,14,,,,,,,0,13
,0,14,,,,,,,0,13
,0,14,,,,,,,0,13
,0,14,,,,,,,0,13
,0,14,,,,,,,0,13
,0,14,,,,,,,0,13
,0,14,,,,,,,0,13
,0,14,,,,,,,0,13
,0,14,,,,,,,0,13
,0,14,,,,,,,0,13
,0,14,,,,,,,0,13
,0,14,,,,,,,0,13
,0,13,,,,,,,0,13
,0,13,,,,,,,0,13
,0,13,,,,,,,0,13
,0,13,,,,,,,0,13
,0,13,,,,,,,0,13
,0,13,,,,,,,0,13
,0,13,,,,,,,0,13
,0,13,,,,,,,0,13
,0,13,,,,,,,0,13
,0,13,,,,,,,0,13
,0,13,,,,,,,0,13
,0,13,,,,,,,0,13
,0,13,,,,,,,0,13
,0,13,,,,,,,0,13
,0,13,,,,,,,0,14
,0,13,,,,,,,0,14
,0,13,,,,,,,0,14
,0,13,,,,,,,0,14
,0,13,,,,,,,0,14
,0,13,,,,,,,0,14
,0,13,,,,,,,0,14
,0,13,,,,,,,0,14
,0,13,,,,,,,0,14
,0,13,,,,,,,0,14
,0,13,,,,,,,0,14
,0,13,,,,,,,0,14
,0,13,,,,,,,0,14
,0,13,,,,,,,0,14
,0,13,,,,,,,0,14
,0,13,,,,,,,0,14
,0,13,,,,,,,0,14
,0,14,,,,,,,0,14
,0,14,,,,,,,0,13
,0,14,,,,,,,0,13
,0,14,,,,,,,0,13
,0,14,,,,,,,0,12
,0,14,,,,,,,0,12
,0,14,,,,,,,0,12
,0,14,,,,,,,0,12
,0,14,,,,,,,0,12
,0,14,,,,,,,0,12
,0,14,,,,,,,0,12
,0,14,,,,,,,0,12
,0,14,,,,,,,0,12
,0,14,,,,,,,0,12
,0,14,,,,,,,0,12
,0,14,,,,,,,0,12
,0,14,,,,,,,0,12
,0,14,,,,,,,0,12
,0,13,,,,,,,0,12
,0,13,,,,,,,0,12
,0,13,,,,,,,0,11
,0,12,,,,,,,0,11
,0,12,,,,,,,0,11
,0,12,,,,,,,0,11
,0,12,,,,,,,0,11
,0,12,,,,,,,0,11
,0,12,,,,,,,0,11
,0,12,,,,,,,0,11
,0,12,,,,,,,0,11
,0,12,,,,,,,0,11
,0,12,,,,,,,0,11
,0,12,,,,,,,0,11
,0,12,,,,,,,0,11
,0,12,,,,,,,0,12
,0,12,,,,,,,0,14
,0,12,,,,,,,0,14
,0,12,,,,,,,0,14
,0,11,,,,,,,0,14
,0,11,,,,,,,0,14
,0,11,,,,,,,0,14
,0,11,,,,,,,0,14
,0,11,,,,,,,0,14
,0,11,,,,,,,0,14
,0,11,,,,,,,0,14
,0,11,,,,,,,0,14
,0,11,,,,,,,0,14
,0,11,,,,,,,0,14
,0,11,,,,,,,0,14
,0,11,,,,,,,0,14
,0,11,,,,,,,0,14
,0,12,,,,,,,0,14
,0,14,,,,,,,0,14
,0,14,,,,,,,0,14
,0,14,,,,,,,0,14
,0,14,,,,,,,0,15
,0,14,,,,,,,0,15
,0,14,,,,,,,0,15
,0,14,,,,,,,0,15
,0,14,,,,,,,0,15
,0,14,,,,,,,0,15
,0,14,,,,,,,0,15
,0,14,,,,,,,0,15
,0,14,,,,,,,0,15
,0,14,,,,,,,0,15
,0,14,,,,,,,0,15
,0,14,,,,,,,0,15
,0,14,,,,,,,0,15
,0,14,,,,,,,0,15
,0,14,,,,,,,0,15
,0,14,,,,,,,0,15
,0,14,,,,,,,0,15
,0,15,,,,,,,0,15
,0,15,,,,,,,0,15
,0,15,,,,,,,0,15
,0,15,,,,,,,0,15
,0,15,,,,,,,0,15
,0,15,,,,,,,0,15
,0,15,,,,,,,0,15
,0,15,,,,,,,0,15
,0,15,,,,,,,0,16
,0,15,,,,,,,0,17
,0,15,,,,,,,0,17
,0,15,,,,,,,0,17
,0,15,,,,,,,0,17
,0,15,,,,,,,0,17
,0,15,,,,,,,0,17
,0,15,,,,,,,0,17
,0,15,,,,,,,0,17
,0,15,,,,,,,0,17
,0,15,,,,,,,0,17
,0,15,,,,,,,0,17
,0,15,,,,,,,0,17
,0,15,,,,,,,0,17
,0,15,,,,,,,0,16
,0,15,,,,,,,0,17
,0,15,,,,,,,0,17
,0,16,,,,,,,0,17
,0,17,,,,,,,0,16
,0,17,,,,,,,0,16
,0,17,,,,,,,0,16
,0,17,,,,,,,0,16
,0,17,,,,,,,0,16
,0,17,,,,,,,0,16
,0,17,,,,,,,0,16
,0,17,,,,,,,0,16
,0,17,,,,,,,0,16
,0,17,,,,,,,0,15
,0,17,,,,,,,0,15
,0,17,,,,,,,0,15
,0,17,,,,,,,0,15
,0,16,,,,,,,0,15
,0,17,,,,,,,0,15
,0,17,,,,,,,0,15
,0,17,,,,,,,0,15
,0,16,,,,,,,0,15
,0,16,,,,,,,0,15
,0,16,,,,,,,0,15
,0,16,,,,,,,0,15
,0,16,,,,,,,0,15
,0,16,,,,,,,0,15
,0,16,,,,,,,0,15
,0,16,,,,,,,0,15
,0,16,,,,,,,0,15
,0,15,,,,,,,0,15
,0,15,,,,,,,0,15
,0,15,,,,,,,0,15
,0,15,,,,,,,0,15
,0,15,,,,,,,0,15
,0,15,,,,,,,0,15
,0,15,,,,,,,0,15
,0,15,,,,,,,0,15
,0,15,,,,,,,0,15
,0,15,,,,,,,0,15
,0,15,,,,,,,0,15
,0,15,,,,,,,0,15
,0,15,,,,,,,0,15
,0,15,,,,,,,0,15
,0,15,,,,,,,0,15
,0,15,,,,,,,0,15
,0,15,,,,,,,0,15
,0,15,,,,,,,0,15
,0,15,,,,,,,0,15
,0,15,,,,,,,0,15
,0,15,,,,,,,0,15
,0,15,,,,,,,0,15
,0,15,,,,,,,0,15
,0,15,,,,,,,0,15
,0,15,,,,,,,0,15
,0,15,,,,,,,0,15
,0,15,,,,,,,0,15
,0,15,,,,,,,0,16
,0,15,,,,,,,0,16
,0,15,,,,,,,0,16
,0,15,,,,,,,0,16
,0,15,,,,,,,0,16
,0,15,,,,,,,0,16
,0,15,,,,,,,0,16
,0,15,,,,,,,0,16
,0,15,,,,,,,0,16
,0,15,,,,,,,0,16
,0,15,,,,,,,0,16
,0,15,,,,,,,0,16
,0,15,,,,,,,0,16
,0,15,,,,,,,0,16
,0,15,,,,,,,0,16
,0,15,,,,,,,0,16
,0,15,,,,,,,0,16
,0,16,,,,,,,0,16
,0,16,,,,,,,0,16
,0,16,,,,,,,0,16
,0,16,,,,,,,0,16
,0,16,,,,,,,0,16
,0,16,,,,,,,0,16
,0,16,,,,,,,0,16
,0,16,,,,,,,0,16
,0,16,,,,,,,0,16
,0,16,,,,,,,0,17
,0,16,,,,,,,0,17
,0,16,,,,,,,0,17
,0,16,,,,,,,0,17
,0,16,,,,,,,0,17
,0,16,,,,,,,0,16
,0,16,,,,,,,0,15
,0,16,,,,,,,0,15
,0,16,,,,,,,0,15
,0,16,,,,,,,0,15
,0,16,,,,,,,0,14
,0,16,,,,,,,0,14
,0,16,,,,,,,0,14
,0,16,,,,,,,0,14
,0,16,,,,,,,0,14
,0,16,,,,,,,0,14
,0,16,,,,,,,0,14
,0,17,,,,,,,0,14
,0,17,,,,,,,0,14
,0,17,,,,,,,0,14
,0,17,,,,,,,0,14
,0,17,,,,,,,0,14
,0,16,,,,,,,0,14
,0,15,,,,,,,0,14
,0,15,,,,,,,0,14
,0,15,,,,,,,0,14
,0,15,,,,,,,0,14
,0,14,,,,,,,0,14
,0,14,,,,,,,0,14
,0,14,,,,,,,0,14
,0,14,,,,,,,0,14
,0,14,,,,,,,0,14
,0,14,,,,,,,0,14
,0,14,,,,,,,0,14
,0,14,,,,,,,0,14
,0,14,,,,,,,0,14
,0,14,,,,,,,0,14
,0,14,,,,,,,0,14
,0,14,,,,,,,0,14
,0,14,,,,,,,0,14
,0,14,,,,,,,0,14
,0,14,,,,,,,0,14
,0,14,,,,,,,0,14
,0,14,,,,,,,0,14
,0,14,,,,,,,0,14
,0,14,,,,,,,0,15
,0,14,,,,,,,0,15
,0,14,,,,,,,0,14
,0,14,,,,,,,0,14
,0,14,,,,,,,0,14
,0,14,,,,,,,0,14
,0,14,,,,,,,0,14
,0,14,,,,,,,0,14
,0,14,,,,,,,0,14
,0,14,,,,,,,0,14
,0,14,,,,,,,0,14
,0,14,,,,,,,0,14
,0,14,,,,,,,0,13
,0,14,,,,,,,0,13
,0,14,,,,,,,0,13
,0,14,,,,,,,0,13
,0,14,,,,,,,0,13
,0,15,,,,,,,0,14
,0,15,,,,,,,0,14
,0,14,,,,,,,0,14
,0,14,,,,,,,0,14
,0,14,,,,,,,0,14
,0,14,,,,,,,0,14
,0,14,,,,,,,0,13
,0,14,,,,,,,0,13
,0,14,,,,,,,0,13
,0,14,,,,,,,0,13
,0,14,,,,,,,0,13
,0,14,,,,,,,0,13
,0,13,,,,,,,0,13
,0,13,,,,,,,0,13
,0,13,,,,,,,0,13
,0,13,,,,,,,0,13
,0,13,,,,,,,0,13
,0,14,,,,,,,0,13
,0,14,,,,,,,0,13
,0,14,,,,,,,0,13
,0,14,,,,,,,0,13
,0,14,,,,,,,0,13
,0,14,,,,,,,0,13
,0,13,,,,,,,0,13
,0,13,,,,,,,0,13
,0,13,,,,,,,0,13
,0,13,,,,,,,0,13
,0,13,,,,,,,0,13
,0,13,,,,,,,0,13
,0,13,,,,,,,0,13
,0,13,,,,,,,0,13
,0,13,,,,,,,0,13
,0,13,,,,,,,0,13
,0,13,,,,,,,0,13
,0,13,,,,,,,0,13
,0,13,,,,,,,0,13
,0,13,,,,,,,0,13
,0,13,,,,,,,0,13
,0,13,,,,,,,0,13
,0,13,,,,,,,0,13
,0,13,,,,,,,0,13
,0,13,,,,,,,0,13
,0,13,,,,,,,0,13
,0,13,,,,,,,0,13
,0,13,,,,,,,0,13
,0,13,,,,,,,0,13
,0,13,,,,,,,0,13
,0,13,,,,,,,0,12
,0,13,,,,,,,0,12
,0,13,,,,,,,0,12
,0,13,,,,,,,0,12
,0,13,,,,,,,0,12
,0,13,,,,,,,0,12
,0,13,,,,,,,0,12
,0,13,,,,,,,0,12
,0,13,,,,,,,0,12
,0,13,,,,,,,0,11
,0,13,,,,,,,0,11
,0,13,,,,,,,0,11
,0,13,,,,,,,0,11
,0,13,,,,,,,0,11
,0,13,,,,,,,0,11
,0,13,,,,,,,0,11
,0,13,,,,,,,0,11
,0,12,,,,,,,0,11
,0,12,,,,,,,0,11
,0,12,,,,,,,0,11
,0,12,,,,,,,0,11
,0,12,,,,,,,0,11
,0,12,,,,,,,0,11
,0,12,,,,,,,0,11
,0,12,,,,,,,0,11
,0,12,,,,,,,0,11
,0,11,,,,,,,0,11
,0,11,,,,,,,0,11
,0,11,,,,,,,0,11
,0,11,,,,,,,0,11
,0,11,,,,,,,0,11
,0,11,,,,,,,0,11
,0,11,,,,,,,0,11
,0,11,,,,,,,0,11
,0,11,,,,,,,0,11
,0,11,,,,,,,0,11
,0,11,,,,,,,0,11
,0,11,,,,,,,0,11
,0,11,,,,,,,0,11
,0,11,,,,,,,0,11
,0,11,,,,,,,0,11
,0,11,,,,,,,0,11
,0,11,,,,,,,0,11
,0,11,,,,,,,0,11
,0,11,,,,,,,0,11
,0,11,,,,,,,0,11
,0,11,,,,,,,0,11
,0,11,,,,,,,0,11
,0,11,,,,,,,0,11
,0,11,,,,,,,0,11
,0,11,,,,,,,0,11
,0,11,,,,,,,0,11
,0,11,,,,,,,0,11
,0,11,,,,,,,0,11
,0,11,,,,,,,0,11
,0,11,,,,,,,0,11
,0,11,,,,,,,0,9
,0,11,,,,,,,0,9
,0,11,,,,,,,0,9
,0,11,,,,,,,0,9
,0,11,,,,,,,0,9
,0,11,,,,,,,0,9
,0,11,,,,,,,0,9
,0,11,,,,,,,0,9
,0,11,,,,,,,0,9
,0,11,,,,,,,0,9
,0,11,,,,,,,0,9
,0,11,,,,,,,0,9
,0,11,,,,,,,0,9
,0,11,,,,,,,0,9
,0,11,,,,,,,0,9
,0,11,,,,,,,0,9
,0,11,,,,,,,0,9
,0,9,,,,,,,0,9
,0,9,,,,,,,0,9
,0,9,,,,,,,0,9
,0,9,,,,,,,0,9
,0,9,,,,,,,0,9
,0,9,,,,,,,0,9
,0,9,,,,,,,0,9
,0,9,,,,,,,0,9
,0,9,,,,,,,0,9
,0,9,,,,,,,0,9
,0,9,,,,,,,0,9
,0,9,,,,,,,0,9
,0,9,,,,,,,0,9
,0,9,,,,,,,0,9
,0,9,,,,,,,0,9
,0,9,,,,,,,0,8
,0,9,,,,,,,0,8
,0,9,,,,,,,0,8
,0,9,,,,,,,0,8
,0,9,,,,,,,0,8
,0,9,,,,,,,0,8
,0,9,,,,,,,0,8
,0,9,,,,,,,0,8
,0,9,,,,,,,0,8
,0,9,,,,,,,0,8
,0,9,,,,,,,0,8
,0,9,,,,,,,0,8
,0,9,,,,,,,0,8
,0,9,,,,,,,0,8
,0,9,,,,,,,0,8
,0,9,,,,,,,0,8
,0,9,,,,,,,0,8
,0,8,,,,,,,0,8
,0,8,,,,,,,0,8
,0,8,,,,,,,0,8
,0,8,,,,,,,0,8
,0,8,,,,,,,0,8
,0,8,,,,,,,0,8
,0,8,,,,,,,0,8
,0,8,,,,,,,0,8
,0,8,,,,,,,0,7
,0,8,,,,,,,0,7
,0,8,,,,,,,0,7
,0,8,,,,,,,0,7
,0,8,,,,,,,0,7
,0,8,,,,,,,0,7
,0,8,,,,,,,0,7
,0,8,,,,,,,0,7
,0,8,,,,,,,0,7
,0,8,,,,,,,0,7
,0,8,,,,,,,0,7
,0,8,,,,,,,0,7
,0,8,,,,,,,0,7
,0,8,,,,,,,0,7
,0,8,,,,,,,0,7
,0,8,,,,,,,0,7
,0,8,,,,,,,0,6
,0,7,,,,,,,0,6
,0,7,,,,,,,0,6
,0,7,,,,,,,0,6
,0,7,,,,,,,0,6
,0,7,,,,,,,0,6
,0,7,,,,,,,0,6
,0,7,,,,,,,0,6
,0,7,,,,,,,0,6
,0,7,,,,,,,0,6
,0,7,,,,,,,0,6
,0,7,,,,,,,0,6
,0,7,,,,,,,0,6
,0,7,,,,,,,0,6
,0,7,,,,,,,0,6
,0,7,,,,,,,0,6
,0,7,,,,,,,0,6
,0,6,,,,,,,0,6
,0,6,,,,,,,0,6
,0,6,,,,,,,0,6
,0,6,,,,,,,0,6
,0,6,,,,,,,0,6
,0,6,,,,,,,0,6
,0,6,,,,,,,0,6
,0,6,,,,,,,0,6
,0,6,,,,,,,0,6
,0,6,,,,,,,0,6
,0,6,,,,,,,0,6
,0,6,,,,,,,0,6
,0,6,,,,,,,0,6
,0,6,,,,,,,0,6
,0,6,,,,,,,0,6
,0,6,,,,,,,0,6
,0,6,,,,,,,0,6
,0,6,,,,,,,0,6
,0,6,,,,,,,0,6
,0,6,,,,,,,0,6
,0,6,,,,,,,0,6
,0,6,,,,,,,0,6
,0,6,,,,,,,0,6
,0,6,,,,,,,0,6
,0,6,,,,,,,0,6
,0,6,,,,,,,0,6
,0,6,,,,,,,0,6
,0,6,,,,,,,0,6
,0,6,,,,,,,0,5
,0,6,,,,,,,0,5
,0,6,,,,,,,0,5
,0,6,,,,,,,0,5
,0,6,,,,,,,0,5
,0,6,,,,,,,0,5
,0,6,,,,,,,0,5
,0,6,,,,,,,0,5
,0,6,,,,,,,0,5
,0,6,,,,,,,0,5
,0,6,,,,,,,0,5
,0,6,,,,,,,0,5
,0,6,,,,,,,0,5
,0,6,,,,,,,0,5
,0,6,,,,,,,0,5
,0,6,,,,,,,0,5
,0,6,,,,,,,0,5
,0,5,,,,,,,0,5
,0,5,,,,,,,0,5
,0,5,,,,,,,0,5
,0,5,,,,,,,0,5
,0,5,,,,,,,0,5
,0,5,,,,,,,0,5
,0,5,,,,,,,0,5
,0,5,,,,,,,0,5
,0,5,,,,,,,0,4
,0,5,,,,,,,0,4
,0,5,,,,,,,0,4
,0,5,,,,,,,0,4
,0,5,,,,,,,0,4
,0,5,,,,,,,0,4
,0,5,,,,,,,0,4
,0,5,,,,,,,0,4
,0,5,,,,,,,0,4
,0,5,,,,,,,0,4
,0,5,,,,,,,0,4
,0,5,,,,,,,0,4
,0,5,,,,,,,0,4
,0,5,,,,,,,0,4
,0,5,,,,,,,0,4
,0,5,,,,,,,0,4
,0,5,,,,,,,0,4
,0,4,,,,,,,0,4
,0,4,,,,,,,0,4
,0,4,,,,,,,0,3
,0,4,,,,,,,0,3
,0,4,,,,,,,0,3
,0,4,,,,,,,0,3
,0,4,,,,,,,0,3
,0,4,,,,,,,0,3
,0,4,,,,,,,0,3
,0,4,,,,,,,0,3
,0,4,,,,,,,0,3
,0,4,,,,,,,0,3
,0,4,,,,,,,0,3
,0,4,,,,,,,0,3
,0,4,,,,,,,0,3
,0,4,,,,,,,0,3
,0,4,,,,,,,0,3
,0,4,,,,,,,0,3
,0,4,,,,,,,0,3
,0,3,,,,,,,0,3
,0,3,,,,,,,0,2
,0,3,,,,,,,0,2
,0,3,,,,,,,0,2
,0,3,,,,,,,0,2
,0,3,,,,,,,0,2
,0,3,,,,,,,0,2
,0,3,,,,,,,0,2
,0,3,,,,,,,0,2
,0,3,,,,,,,0,2
,0,3,,,,,,,0,2
,0,3,,,,,,,0,2
,0,3,,,,,,,0,2
,0,3,,,,,,,0,2
,0,3,,,,,,,0,2
,0,3,,,,,,,0,2
,0,3,,,,,,,0,2
,0,3,,,,,,,0,2
,0,2,,,,,,,0,2
,0,2,,,,,,,0,2
,0,2,,,,,,,0,2
,0,2,,,,,,,0,2
,0,2,,,,,,,0,2
,0,2,,,,,,,0,2
,0,2,,,,,,,0,2
,0,2,,,,,,,0,2
,0,2,,,,,,,0,2
,0,2,,,,,,,0,2
,0,2,,,,,,,0,2
,0,2,,,,,,,0,2
,0,2,,,,,,,0,2
,0,2,,,,,,,0,2
,0,2,,,,,,,0,2
,0,2,,,,,,,0,2
,0,2,,,,,,,0,2
,0,2,,,,,,,0,2
,0,2,,,,,,,0,2
,0,2,,,,,,,0,2
,0,2,,,,,,,0,2
,0,2,,,,,,,0,2
,0,2,,,,,,,0,2
,0,2,,,,,,,0,2
,0,2,,,,,,,0,2
,0,2,,,,,,,0,2
,0,2,,,,,,,0,2
,0,2,,,,,,,0,2
,0,2,,,,,,,0,2
,0,2,,,,,,,0,2
,0,2,,,,,,,0,2
,0,2,,,,,,,0,2
,0,2,,,,,,,0,2
,0,2,,,,,,,0,2
,0,2,,,,,,,0,1
,0,2,,,,,,,0,1
,0,2,,,,,,,0,1
,0,2,,,,,,,0,1
,0,2,,,,,,,0,1
,0,2,,,,,,,0,1
,0,2,,,,,,,0,1
,0,2,,,,,,,0,1
,0,2,,,,,,,0,1
,0,2,,,,,,,0,1
,0,2,,,,,,,0,1
,0,2,,,,,,,0,1
,0,2,,,,,,,0,1
,0,2,,,,,,,0,1
,0,2,,,,,,,0,1
,0,2,,,,,,,0,1
,0,2,,,,,,,0,1
,0,1,,,,,,,0,1
,0,1,,,,,,,0,1
,0,1,,,,,,,0,1
,0,1,,,,,,,0,1
,0,1,,,,,,,0,1
,0,1,,,,,,,0,1
,0,1,,,,,,,0,1
,0,1,,,,,,,0,1
,0,1,,,,,,,0,1
,0,1,,,,,,,0,1
,0,1,,,,,,,0,1
,0,1,,,,,,,0,1
,0,1,,,,,,,0,1
,0,1,,,,,,,0,1
,0,1,,,,,,,0,1
,0,1,,,,,,,0,1
,0,1,,,,,,,0,1
,0,1,,,,,,,0,1
,0,1,,,,,,,0,1
,0,1,,,,,,,0,1
,0,1,,,,,,,0,1
,0,1,,,,,,,0,1
,0,1,,,,,,,0,1
,0,1,,,,,,,0,1
,0,1,,,,,,,0,1
,0,1,,,,,,,0,1
,0,1,,,,,,,0,1
,0,1,,,,,,,0,1
,0,1,,,,,,,0,1
,0,1,,,,,,,0,1
,0,1,,,,,,,0,1
,0,1,,,,,,,0,1
,0,1,,,,,,,0,1
,0,1,,,,,,,0,1
,0,1,,,,,,,0,1
,0,1,,,,,,,0,1
,0,1,,,,,,,0,1
,0,1,,,,,,,0,1
,0,1,,,,,,,0,1
,0,1,,,,,,,0,1
,0,1,,,,,,,0,1
,0,1,,,,,,,0,1
,0,1,,,,,,,0,1
,0,1,,,,,,,0,1
,0,1,,,,,,,0,1
,0,1,,,,,,,0,1
,0,1,,,,,,,0,1
,0,1,,,,,,,0,1
,0,1,,,,,,,0,1
,0,1,,,,,,,0,1
,0,1,,,,,,,0,1
,0,1,,,,,,,0,1
,0,1,,,,,,,0,1
,0,1,,,,,,,0,1
,0,1,,,,,,,0,1
,0,1,,,,,,,0,1
,0,1,,,,,,,0,1
,0,1,,,,,,,0,1
,0,1,,,,,,,0,1
,0,1,,,,,,,0,1
,0,1,,,,,,,0,1
,0,1,,,,,,,0,1
,0,1,,,,,,,0,1
,0,1,,,,,,,0,1
,0,1,,,,,,,0,1
,0,1,,,,,,,0,1
,0,1,,,,,,,0,1
,0,1,,,,,,,0,0
,0,1,,,,,,,0,0
,0,1,,,,,,,0,0
,0,1,,,,,,,0,0
,0,1,,,,,,,0,0
,0,1,,,,,,,0,0
,0,1,,,,,,,0,0
,0,1,,,,,,,0,0
,0,1,,,,,,,0,0
,0,1,,,,,,,0,0
,0,1,,,,,,,0,0
,0,1,,,,,,,0,0
,0,1,,,,,,,0,0
,0,1,,,,,,,0,0
,0,1,,,,,,,0,0
,0,1,,,,,,,0,0
,0,1,,,,,,,0,0
,0,0,,,,,,,0,0
,0,0,,,,,,,0,0
,0,0,,,,,,,0,0
,0,0,,,,,,,0,0
,0,0,,,,,,,0,0
,0,0,,,,,,,0,0
,0,0,,,,,,,0,0
,0,0,,,,,,,0,0
,0,0,,,,,,,0,0
,0,0,,,,,,,0,0
,0,0,,,,,,,0,0
,0,0,,,,,,,0,0
,0,0,,,,,,,0,0
,0,0,,,,,,,0,0
,0,0,,,,,,,0,0
,0,0,,,,,,,0,0
,0,0,,,,,,,0,0
,0,0,,,,,,,0,0
,0,0,,,,,,,0,0
,0,0,,,,,,,0,0
,0,0,,,,,,,0,0
,0,0,,,,,,,0,0
,0,0,,,,,,,0,0
,0,0,,,,,,,0,0
,0,0,,,,,,,0,0
,0,0,,,,,,,0,0
,0,0,,,,,,,0,0
,0,0,,,,,,,0,0
,0,0,,,,,,,0,0
,0,0,,,,,,,0,0
,0,0,,,,,,,0,0
,0,0,,,,,,,0,0
,0,0,,,,,,,0,0
,0,0,,,,,,,0,0
,0,0,,,,,,,0,0
,0,0,,,,,,,0,0
,0,0,,,,,,,0,0
,0,0,,,,,,,0,0
,0,0,,,,,,,0,0
,0,0,,,,,,,0,0
,0,0,,,,,,,0,0
,0,0,,,,,,,0,0
,0,0,,,,,,,0,0
,0,0,,,,,,,0,0
,0,0,,,,,,,0,0
,0,0,,,,,,,0,0
,0,0,,,,,,,0,0
,0,0,,,,,,,0,0
,0,0,,,,,,,0,0
,0,0,,,,,,,0,0
,0,0,,,,,,,0,0
,0,0,,,,,,,0,0
,0,0,,,,,,,0,0
,0,0,,,,,,,0,0
,0,0,,,,,,,0,0
,0,0,,,,,,,0,0
,0,0,,,,,,,0,0
,0,0,,,,,,,0,0
,0,0,,,,,,,0,0
,0,0,,,,,,,0,0
,0,0,,,,,,,0,0
,0,0,,,,,,,0,0
,0,0,,,,,,,0,0
,0,0,,,,,,,0,0
,0,0,,,,,,,0,0
,0,0,,,,,,,0,0
,0,0,,,,,,,0,0
,0,0,,,,,,,0,0
,0,0,,,,,,,0,0
,0,0,,,,,,,0,0
,0,0,,,,,,,0,0
,0,0,,,,,,,0,0
,0,0,,,,,,,0,0
,0,0,,,,,,,0,0
,0,0,,,,,,,0,0
,0,0,,,,,,,0,0
,0,0,,,,,,,0,0
,0,0,,,,,,,0,0
,0,0,,,,,,,0,0
,0,0,,,,,,,0,0
,0,0,,,,,,,0,0
,0,0,,,,,,,0,0
,0,0,,,,,,,0,0
,0,0,,,,,,,0,0
,0,0,,,,,,,0,0
,0,0,,,,,,,0,0
,0,0,,,,,,,0,0
,0,0,,,,,,,0,0
,0,0,,,,,,,0,0
,0,0,,,,,,,0,0
,0,0,,,,,,,0,0
,0,0,,,,,,,0,0
,0,0,,,,,,,0,0
,0,0,,,,,,,0,0
,0,0,,,,,,,0,0
,0,0,,,,,,,0,0
,0,0,,,,,,,0,0
,0,0,,,,,,,0,0
,0,0,,,,,,,0,0
,0,0,,,,,,,0,0
,0,0,,,,,,,0,0
,0,0,,,,,,,0,0
,0,0,,,,,,,0,0
,0,0,,,,,,,0,0
,0,0,,,,,,,0,0
,0,0,,,,,,,0,0
,0,0,,,,,,,0,0
,0,0,,,,,,,0,0
,0,0,,,,,,,0,0
,0,0,,,,,,,0,0
,0,0,,,,,,,0,0
,0,0,,,,,,,0,0
,0,0,,,,,,,0,0
,0,0,,,,,,,0,0
,0,0,,,,,,,0,0
,0,0,,,,,,,0,0
,0,0,,,,,,,0,0
,0,0,,,,,,,0,0
,0,0,,,,,,,0,0
,0,0,,,,,,,0,0
,0,0,,,,,,,0,0
,0,0,,,,,,,0,0
,0,0,,,,,,,0,0
,0,0,,,,,,,0,0
,0,0,,,,,,,0,0
,0,0,,,,,,,0,0
,0,0,,,,,,,0,0
,0,0,,,,,,,0,0
,0,0,,,,,,,0,0
,0,0,,,,,,,0,0
,0,0,,,,,,,0,0
,0,0,,,,,,,0,0
,0,0,,,,,,,0,0
,0,0,,,,,,,0,0
,0,0,,,,,,,0,0
,0,0,,,,,,,0,0
,0,0,,,,,,,0,0
,0,0,,,,,,,0,0
,0,0,,,,,,,0,0
,0,0,,,,,,,0,0
,0,0,,,,,,,0,0
,0,0,,,,,,,0,0
,0,0,,,,,,,0,0
,0,0,,,,,,,0,0
,0,0,,,,,,,0,0
,0,0,,,,,,,0,0
,0,0,,,,,,,0,0
,0,0,,,,,,,0,0
,0,0,,,,,,,0,0
,0,0,,,,,,,0,0
,0,0,,,,,,,0,0
,0,0,,,,,,,0,0
,0,0,,,,,,,0,0
,0,0,,,,,,,0,0
,0,0,,,,,,,0,0
,0,0,,,,,,,0,0
,0,0,,,,,,,0,0
,0,0,,,,,,,0,0
,0,0,,,,,,,0,0
,0,0,,,,,,,0,0
,0,0,,,,,,,0,0
,0,0,,,,,,,0,0
,0,0,,,,,,,0,0
,0,0,,,,,,,0,0
,0,0,,,,,,,0,0
,0,0,,,,,,,0,0
,0,0,,,,,,,0,0
,0,0,,,,,,,0,0
,0,0,,,,,,,0,0
,0,0,,,,,,,0,0
,0,0,,,,,,,0,0
,0,0,,,,,,,0,0
,0,0,,,,,,,0,0
,0,0,,,,,,,0,0
,0,0,,,,,,,0,0
,0,0,,,,,,,0,0
,0,0,,,,,,,0,0
,0,0,,,,,,,0,0
,0,0,,,,,,,0,0
,0,0,,,,,,,0,0
,0,0,,,,,,,0,0
,0,0,,,,,,,0,0
,0,0,,,,,,,0,0
,0,0,,,,,,,0,0
,0,0,,,,,,,0,0
,0,0,,,,,,,0,0
,0,0,,,,,,,0,0
,0,0,,,,,,,0,0
,0,0,,,,,,,0,0
,0,0,,,,,,,0,0
,0,0,,,,,,,0,0
,0,0,,,,,,,0,0
,0,0,,,,,,,0,0
,0,0,,,,,,,0,0
,0,0,,,,,,,0,0
,0,0,,,,,,,0,0
,0,0,,,,,,,0,0
,0,0,,,,,,,0,0
,0,0,,,,,,,0,0
,0,0,,,,,,,0,0
,0,0,,,,,,,0,0
,0,0,,,,,,,0,0
,0,0,,,,,,,0,0
,0,0,,,,,,,0,0
,0,0,,,,,,,0,0
,0,0,,,,,,,0,0
,0,0,,,,,,,0,0
,0,0,,,,,,,0,0
,0,0,,,,,,,0,0
,0,0,,,,,,,0,0
,0,0,,,,,,,0,0
,0,0,,,,,,,0,0
,0,0,,,,,,,0,0
,0,0,,,,,,,0,0
,0,0,,,,,,,0,0
,0,0,,,,,,,0,0
,0,0,,,,,,,0,0
,0,0,,,,,,,0,0
,0,0,,,,,,,0,0
,0,0,,,,,,,0,0
,0,0,,,,,,,0,0
,0,0,,,,,,,0,0
,0,0,,,,,,,0,0
,0,0,,,,,,,0,0
,0,0,,,,,,,0,0
,0,0,,,,,,,0,0
,0,0,,,,,,,0,0
,0,0,,,,,,,0,0
,0,0,,,,,,,0,0
,0,0,,,,,,,0,0
,0,0,,,,,,,0,0
,0,0,,,,,,,0,0
,0,0,,,,,,,0,0
,0,0,,,,,,,0,0
,0,0,,,,,,,0,0
,0,0,,,,,,,0,0
,0,0,,,,,,,0,0
,0,0,,,,,,,0,0
,0,0,,,,,,,0,0
,0,0,,,,,,,0,0
,0,0,,,,,,,0,0
,0,0,,,,,,,0,0
,0,0,,,,,,,0,0
,0,0,,,,,,,0,0
,0,0,,,,,,,0,0
,0,0,,,,,,,0,0
,0,0,,,,,,,0,0
,0,0,,,,,,,0,0
,0,0,,,,,,,0,0
,0,0,,,,,,,0,0
,0,0,,,,,,,0,0
,0,0,,,,,,,0,0
,0,0,,,,,,,0,0
,0,0,,,,,,,0,0
,0,0,,,,,,,0,0
,0,0,,,,,,,0,0
,0,0,,,,,,,0,0
,0,0,,,,,,,0,0
,0,0,,,,,,,0,0
,0,0,,,,,,,0,0
,0,0,,,,,,,0,0
,0,0,,,,,,,0,0
,0,0,,,,,,,0,0
,0,0,,,,,,,0,0
,0,0,,,,,,,0,0
,0,0,,,,,,,0,0
,0,0,,,,,,,0,0
,0,0,,,,,,,0,0
,0,0,,,,,,,0,0
,0,0,,,,,,,0,0
,0,0,,,,,,,0,0
,0,0,,,,,,,0,0
,0,0,,,,,,,0,0
,0,0,,,,,,,0,0
,0,0,,,,,,,0,0
,0,0,,,,,,,0,0
,0,0,,,,,,,0,0
,0,0,,,,,,,0,0
,0,0,,,,,,,0,0
,0,0,,,,,,,0,0
,0,0,,,,,,,0,0
,0,0,,,,,,,0,0
,0,0,,,,,,,0,0
,0,0,,,,,,,0,0
,0,0,,,,,,,0,0
,0,0,,,,,,,0,0
,0,0,,,,,,,0,0
,0,0,,,,,,,0,0
,0,0,,,,,,,0,0
,0,0,,,,,,,0,0
,0,0,,,,,,,0,0
,0,0,,,,,,,0,0
,0,0,,,,,,,0,0
,0,0,,,,,,,0,0
,0,0,,,,,,,0,0
,0,0,,,,,,,0,0
,0,0,,,,,,,0,0
,0,0,,,,,,,0,0
,0,0,,,,,,,0,0
,0,0,,,,,,,0,0
,0,0,,,,,,,0,0
,0,0,,,,,,,0,0
,0,0,,,,,,,0,0
,0,0,,,,,,,0,0
,0,0,,,,,,,0,0
,0,0,,,,,,,0,0
,0,0,,,,,,,0,0
,0,0,,,,,,,0,0
,0,0,,,,,,,0,0
,0,0,,,,,,,0,0
,0,0,,,,,,,0,0
,0,0,,,,,,,0,0
,0,0,,,,,,,0,0
,0,0,,,,,,,0,0
,0,0,,,,,,,0,0
,0,0,,,,,,,0,0
,0,0,,,,,,,0,0
,0,0,,,,,,,0,0
,0,0,,,,,,,0,0
,0,0,,,,,,,0,0
,0,0,,,,,,,0,0
,0,0,,,,,,,0,0
,0,0,,,,,,,0,0
,0,0,,,,,,,0,0
,0,0,,,,,,,0,0
,0,0,,,,,,,0,0
,0,0,,,,,,,0,0
,0,0,,,,,,,0,0
,0,0,,,,,,,0,0
,0,0,,,,,,,0,0
,0,0,,,,,,,0,0
,0,0,,,,,,,0,0
,0,0,,,,,,,0,0
,0,0,,,,,,,0,0
,0,0,,,,,,,0,0
,0,0,,,,,,,0,0
,0,0,,,,,,,0,0
,0,0,,,,,,,0,0
,0,0,,,,,,,0,0
,0,0,,,,,,,0,0
,0,0,,,,,,,0,0
,0,0,,,,,,,0,0
,0,0,,,,,,,0,0
,0,0,,,,,,,0,0
,0,0,,,,,,,0,0
,0,0,,,,,,,0,0
,0,0,,,,,,,0,0
,0,0,,,,,,,0,0
,0,0,,,,,,,0,0
,0,0,,,,,,,0,0
,0,0,,,,,,,0,0
,0,0,,,,,,,0,0
,0,0,,,,,,,0,0
,0,0,,,,,,,0,0
,0,0,,,,,,,0,0
,0,0,,,,,,,0,0
,0,0,,,,,,,0,0
,0,0,,,,,,,0,0
,0,0,,,,,,,0,0
,0,0,,,,,,,0,0
,0,0,,,,,,,0,0
,0,0,,,,,,,0,0
,0,0,,,,,,,0,0
,0,0,,,,,,,0,0
,0,0,,,,,,,0,0
,0,0,,,,,,,0,0
,0,0,,,,,,,0,0
,0,0,,,,,,,0,0
,0,0,,,,,,,0,0
,0,0,,,,,,,0,0
,0,0,,,,,,,0,0
,0,0,,,,,,,0,0
,0,0,,,,,,,0,0
,0,0,,,,,,,0,0
,0,0,,,,,,,0,0
,0,0,,,,,,,0,0
,0,0,,,,,,,0,0
,0,0,,,,,,,0,0
,0,0,,,,,,,0,0
,0,0,,,,,,,0,0
,0,0,,,,,,,0,0
,0,0,,,,,,,0,0
,0,0,,,,,,,0,0
,0,0,,,,,,,0,0
,0,0,,,,,,,0,0
,0,0,,,,,,,0,0
,0,0,,,,,,,0,0
,0,0,,,,,,,0,0
,0,0,,,,,,,0,0
,0,0,,,,,,,0,0
,0,0,,,,,,,0,0
,0,0,,,,,,,0,0
,0,0,,,,,,,0,0
,0,0,,,,,,,0,0
,0,0,,,,,,,0,0
,0,0,,,,,,,0,0
,0,0,,,,,,,0,0
,0,0,,,,,,,0,0
,0,0,,,,,,,0,0
,0,0,,,,,,,0,0
,0,0,,,,,,,0,0
,0,0,,,,,,,0,0
,0,0,,,,,,,0,0
,0,0,,,,,,,0,0
,0,0,,,,,,,0,0
,0,0,,,,,,,0,0
,0,0,,,,,,,0,0
,0,0,,,,,,,0,0
,0,0,,,,,,,0,0
,0,0,,,,,,,0,0
,0,0,,,,,,,0,0
,0,0,,,,,,,0,0
,0,0,,,,,,,0,0
,0,0,,,,,,,0,0
,0,0,,,,,,,0,0
,0,0,,,,,,,0,0
,0,0,,,,,,,0,0
,0,0,,,,,,,0,0
,0,0,,,,,,,0,0
,0,0,,,,,,,0,0
,0,0,,,,,,,0,0
,0,0,,,,,,,0,0
,0,0,,,,,,,0,0
,0,0,,,,,,,0,0
,0,0,,,,,,,0,0
,0,0,,,,,,,0,0
,0,0,,,,,,,0,0
,0,0,,,,,,,0,0
,0,0,,,,,,,0,0
,0,0,,,,,,,0,0
,0,0,,,,,,,0,0
,0,0,,,,,,,0,0
,0,0,,,,,,,0,0
,0,0,,,,,,,0,0
,0,0,,,,,,,0,0
,0,0,,,,,,,0,0
,0,0,,,,,,,0,0
,0,0,,,,,,,0,0
,0,0,,,,,,,0,0
,0,0,,,,,,,0,0
,0,0,,,,,,,0,0
,0,0,,,,,,,0,0
,0,0,,,,,,,0,0
,0,0,,,,,,,0,0
,0,0,,,,,,,0,0
,0,0,,,,,,,0,0
,0,0,,,,,,,0,0
,0,0,,,,,,,0,0
,0,0,,,,,,,0,0
,0,0,,,,,,,0,0
,0,0,,,,,,,0,0
,0,0,,,,,,,0,0
,0,0,,,,,,,0,0
,0,0,,,,,,,0,0
,0,0,,,,,,,0,0
,0,0,,,,,,,0,0
,0,0,,,,,,,0,0
,0,0,,,,,,,0,0
,0,0,,,,,,,0,0
,0,0,,,,,,,0,0
,0,0,,,,,,,0,0
,0,0,,,,,,,0,0
,0,0,,,,,,,0,0
,0,0,,,,,,,0,0
,0,0,,,,,,,0,0
,0,0,,,,,,,0,0
,0,0,,,,,,,0,0
,0,0,,,,,,,0,0
,0,0,,,,,,,0,0
,0,0,,,,,,,0,0
,0,0,,,,,,,0,0
,0,0,,,,,,,0,0
,0,0,,,,,,,0,0
,0,0,,,,,,,0,0
,0,0,,,,,,,0,0
,0,0,,,,,,,0,0
,0,0,,,,,,,0,0
,0,0,,,,,,,0,0
,0,0,,,,,,,0,0
,0,0,,,,,,,0,0
,0,0,,,,,,,0,0
,0,0,,,,,,,0,0
,0,0,,,,,,,0,0
,0,0,,,,,,,0,0
,0,0,,,,,,,0,0
,0,0,,,,,,,0,0
,0,0,,,,,,,0,0
,0,0,,,,,,,0,0
,0,0,,,,,,,0,0
,0,0,,,,,,,0,0
,0,0,,,,,,,0,0
,0,0,,,,,,,0,0
,0,0,,,,,,,0,0
,0,0,,,,,,,0,0
,0,0,,,,,,,0,0
,0,0,,,,,,,0,0
,0,0,,,,,,,0,0
,0,0,,,,,,,0,0
,0,0,,,,,,,0,0
,0,0,,,,,,,0,0
,0,0,,,,,,,0,0
,0,0,,,,,,,0,0
,0,0,,,,,,,0,0
,0,0,,,,,,,0,0
,0,0,,,,,,,0,0
,0,0,,,,,,,0,0
,0,0,,,,,,,0,0
,0,0,,,,,,,0,0
,0,0,,,,,,,0,0
,0,0,,,,,,,0,0
,0,0,,,,,,,0,0
,0,0,,,,,,,0,0
,0,0,,,,,,,0,0
,0,0,,,,,,,0,0
,0,0,,,,,,,0,0
,0,0,,,,,,,0,0
,0,0,,,,,,,0,0
,0,0,,,,,,,0,0
,0,0,,,,,,,0,0
,0,0,,,,,,,0,0
,0,0,,,,,,,0,0
,0,0,,,,,,,0,0
,0,0,,,,,,,0,0
,0,0,,,,,,,0,0
,0,0,,,,,,,0,0
,0,0,,,,,,,0,0
,0,0,,,,,,,0,0
,0,0,,,,,,,0,0
,0,0,,,,,,,0,0
,0,0,,,,,,,0,0
,0,0,,,,,,,0,0
,0,0,,,,,,,0,0
,0,0,,,,,,,0,0
,0,0,,,,,,,0,0
,0,0,,,,,,,0,0
,0,0,,,,,,,0,0
,0,0,,,,,,,0,0
,0,0,,,,,,,0,0
,0,0,,,,,,,0,0
,0,0,,,,,,,0,0
,0,0,,,,,,,0,0
,0,0,,,,,,,0,0
,0,0,,,,,,,0,0
,0,0,,,,,,,0,0
,0,0,,,,,,,0,0
,0,0,,,,,,,0,0
,0,0,,,,,,,0,0
,0,0,,,,,,,0,0
,0,0,,,,,,,0,0
,0,0,,,,,,,0,0
,0,0,,,,,,,0,0
,0,0,,,,,,,0,0
,0,0,,,,,,,0,0
,0,0,,,,,,,0,0
,0,0,,,,,,,0,0
,0,0,,,,,,,0,0
,0,0,,,,,,,0,0
,0,0,,,,,,,0,0
,0,0,,,,,,,0,0
,0,0,,,,,,,0,0
,0,0,,,,,,,0,0
,0,0,,,,,,,0,0
,0,0,,,,,,,0,0
,0,0,,,,,,,0,0
,0,0,,,,,,,0,0
,0,0,,,,,,,0,0
,0,0,,,,,,,0,0
,0,0,,,,,,,0,0
,0,0,,,,,,,0,0
,0,0,,,,,,,0,0
,0,0,,,,,,,0,0
,0,0,,,,,,,0,0
,0,0,,,,,,,0,0
,0,0,,,,,,,0,0
,0,0,,,,,,,0,0
,0,0,,,,,,,0,0
,0,0,,,,,,,0,0
,0,0,,,,,,,0,0
,0,0,,,,,,,0,0
,0,0,,,,,,,0,0
,0,0,,,,,,,0,0
,0,0,,,,,,,0,0
,0,0,,,,,,,0,0
,0,0,,,,,,,0,0
,0,0,,,,,,,0,0
,0,0,,,,,,,0,0
,0,0,,,,,,,0,0
,0,0,,,,,,,0,0
,0,0,,,,,,,0,0
,0,0,,,,,,,0,0
,0,0,,,,,,,0,0
,0,0,,,,,,,0,0
,0,0,,,,,,,0,0
,0,0,,,,,,,0,0
,0,0,,,,,,,0,0
,0,0,,,,,,,0,0
,0,0,,,,,,,0,0
,0,0,,,,,,,0,0
,0,0,,,,,,,0,0
,0,0,,,,,,,0,0
,0,0,,,,,,,0,0
,0,0,,,,,,,0,0
,0,0,,,,,,,0,0
,0,0,,,,,,,0,0
,0,0,,,,,,,0,0
,0,0,,,,,,,0,0
,0,0,,,,,,,0,0
,0,0,,,,,,,0,0
,0,0,,,,,,,0,0
,0,0,,,,,,,0,0
,0,0,,,,,,,0,0
,0,0,,,,,,,0,0
,0,0,,,,,,,0,0
,0,0,,,,,,,0,0
,0,0,,,,,,,0,0
,0,0,,,,,,,0,0
,0,0,,,,,,,0,0
,0,0,,,,,,,0,0
,0,0,,,,,,,0,0
,0,0,,,,,,,0,0
,0,0,,,,,,,0,0
,0,0,,,,,,,0,0
,0,0,,,,,,,0,0
,0,0,,,,,,,0,0
,0,0,,,,,,,0,0
,0,0,,,,,,,0,0
,0,0,,,,,,,0,0
,0,0,,,,,,,0,0
,0,0,,,,,,,0,0
,0,0,,,,,,,0,0
,0,0,,,,,,,0,0
,0,0,,,,,,,0,0
,0,0,,,,,,,0,0
,0,0,,,,,,,0,0
,0,0,,,,,,,0,0
,0,0,,,,,,,0,0
,0,0,,,,,,,0,0
,0,0,,,,,,,0,0
,0,0,,,,,,,0,0
,0,0,,,,,,,0,0
,0,0,,,,,,,0,0
,0,0,,,,,,,0,0
,0,0,,,,,,,0,0
,0,0,,,,,,,0,0
,0,0,,,,,,,0,0
,0,0,,,,,,,0,0
,0,0,,,,,,,0,0
,0,0,,,,,,,0,0
,0,0,,,,,,,0,0
,0,0,,,,,,,0,0
,0,0,,,,,,,0,0
,0,0,,,,,,,0,0
,0,0,,,,,,,0,0
,0,0,,,,,,,0,0
,0,0,,,,,,,0,0
,0,0,,,,,,,0,0
,0,0,,,,,,,0,0
,0,0,,,,,,,0,0
,0,0,,,,,,,0,0
,0,0,,,,,,,0,0
,0,0,,,,,,,0,0
,0,0,,,,,,,0,0
,0,0,,,,,,,0,0
,0,0,,,,,,,0,0
,0,0,,,,,,,0,0
,0,0,,,,,,,0,0
,0,0,,,,,,,0,0
,0,0,,,,,,,0,0
,0,0,,,,,,,0,0
,0,0,,,,,,,0,0
,0,0,,,,,,,0,0
,0,0,,,,,,,,
,0,0,,,,,,,,
,0,0,,,,,,,,
,0,0,,,,,,,,
,0,0,,,,,,,,
,0,0,,,,,,,,
,0,0,,,,,,,,
,0,0,,,,,,,,
,0,0,,,,,,,,
,0,0,,,,,,,,
,0,0,,,,,,,,
,0,0,,,,,,,,
,0,0,,,,,,,,
,0,0,,,,,,,,
,0,0,,,,,,,,
,0,0,,,,,,,,
,0,0,,,,,,,,
